-- phpMyAdmin SQL Dump
-- version 5.2.1
-- https://www.phpmyadmin.net/
--
-- Servidor: 127.0.0.1
-- Tiempo de generación: 21-09-2024 a las 09:10:55
-- Versión del servidor: 10.4.32-MariaDB
-- Versión de PHP: 8.2.12

SET SQL_MODE = "NO_AUTO_VALUE_ON_ZERO";
START TRANSACTION;
SET time_zone = "+00:00";


/*!40101 SET @OLD_CHARACTER_SET_CLIENT=@@CHARACTER_SET_CLIENT */;
/*!40101 SET @OLD_CHARACTER_SET_RESULTS=@@CHARACTER_SET_RESULTS */;
/*!40101 SET @OLD_COLLATION_CONNECTION=@@COLLATION_CONNECTION */;
/*!40101 SET NAMES utf8mb4 */;

--
-- Base de datos: `db_veterinaria`
--

-- --------------------------------------------------------

--
-- Estructura de tabla para la tabla `tb_consulta`
--

CREATE TABLE `tb_consulta` (
  `idConsulta` int(11) NOT NULL,
  `in_vacunas` int(1) DEFAULT NULL,
  `in_quintuple` int(1) DEFAULT NULL,
  `in_tripleFelina` int(1) DEFAULT NULL,
  `in_parvovirus` int(1) DEFAULT NULL,
  `in_rabia` int(1) DEFAULT NULL,
  `in_giardia` int(1) DEFAULT NULL,
  `in_bordetella` int(1) DEFAULT NULL,
  `in_leucemia` int(1) DEFAULT NULL,
  `in_otra` varchar(255) DEFAULT NULL,
  `in_desparacitacion` int(1) DEFAULT NULL,
  `fecha_desparacitacion` varchar(255) DEFAULT NULL,
  `medicamento_desparacitacion` varchar(255) DEFAULT NULL,
  `in_controlGarrapata` int(1) DEFAULT NULL,
  `fecha_controlGarrapata` varchar(255) DEFAULT NULL,
  `medicamento_controlGarrapata` varchar(255) DEFAULT NULL,
  `tiempo_mascota` varchar(255) DEFAULT NULL,
  `otras_mascotas` varchar(255) DEFAULT NULL,
  `dieta_alimenticia` varchar(255) DEFAULT NULL,
  `acceso_calle` int(1) DEFAULT NULL,
  `contacto_enfermos` int(1) DEFAULT NULL,
  `enfermedades_Ant` varchar(255) DEFAULT NULL,
  `habitat` varchar(255) DEFAULT NULL,
  `sintomas_obs` varchar(255) DEFAULT NULL,
  `med_Adm_Casa` varchar(255) DEFAULT NULL,
  `stAspecto` varchar(255) DEFAULT NULL,
  `stLesiones` varchar(255) DEFAULT NULL,
  `stAlopecia` text DEFAULT NULL,
  `stParasitos` varchar(255) DEFAULT NULL,
  `smeMovimeinto` varchar(255) DEFAULT NULL,
  `sdApetito` varchar(255) DEFAULT NULL,
  `sdIngestoAgua` varchar(255) DEFAULT NULL,
  `sdVomito` int(1) DEFAULT NULL,
  `sdVomitoFrecuencia` varchar(255) DEFAULT NULL,
  `sdAspecto` varchar(255) DEFAULT NULL,
  `sdDefeca` int(1) DEFAULT NULL,
  `sdDefecaFrecuencia` varchar(255) DEFAULT NULL,
  `sdColor` varchar(255) DEFAULT NULL,
  `sdAspectoDefeca` varchar(255) DEFAULT NULL,
  `sdEstreñimiento` int(1) DEFAULT NULL,
  `sdFlatulencia` int(1) DEFAULT NULL,
  `sdDeglucion` int(1) DEFAULT NULL,
  `srTos` varchar(255) DEFAULT NULL,
  `srTipo` varchar(255) DEFAULT NULL,
  `srDisnea` varchar(255) DEFAULT NULL,
  `srEstornudos` varchar(255) DEFAULT NULL,
  `srDescargaNasal` varchar(255) DEFAULT NULL,
  `scFF` varchar(255) DEFAULT NULL,
  `scClanosis` varchar(255) DEFAULT NULL,
  `scTosNocturna` text DEFAULT NULL,
  `suOrina` varchar(255) DEFAULT NULL,
  `suCastrado` varchar(255) DEFAULT NULL,
  `suCruzadoRaza` int(1) DEFAULT NULL,
  `suGestante` int(1) DEFAULT NULL,
  `suPsudociesis` varchar(255) DEFAULT NULL,
  `suUltimoCelo` varchar(255) DEFAULT NULL,
  `suUltimo_parto` varchar(255) DEFAULT NULL,
  `suDescarga_PreVa` varchar(255) DEFAULT NULL,
  `snComportamiento` varchar(255) DEFAULT NULL,
  `snIncoordinacion` varchar(255) DEFAULT NULL,
  `snDismetria` varchar(255) DEFAULT NULL,
  `snGolpe_Previo` int(1) DEFAULT NULL,
  `snResponde_llamado` int(1) DEFAULT NULL,
  `snOjos` varchar(255) DEFAULT NULL,
  `snSecrecion` varchar(255) DEFAULT NULL,
  `snCeguera` varchar(255) DEFAULT NULL,
  `snOidos` varchar(255) DEFAULT NULL,
  `snSeRasca` varchar(255) DEFAULT NULL,
  `snMalOlor` varchar(255) DEFAULT NULL,
  `snEscucha` varchar(255) DEFAULT NULL,
  `snParasitos` varchar(255) DEFAULT NULL,
  `snDescarga` varchar(255) DEFAULT NULL,
  `snAfectado` varchar(255) DEFAULT NULL,
  `idMascota` int(11) NOT NULL,
  `fecha_realizado` varchar(255) NOT NULL DEFAULT current_timestamp(),
  `motivo_consulta` varchar(255) DEFAULT NULL
) ENGINE=InnoDB DEFAULT CHARSET=utf8mb4 COLLATE=utf8mb4_general_ci;

--
-- Volcado de datos para la tabla `tb_consulta`
--

INSERT INTO `tb_consulta` (`idConsulta`, `in_vacunas`, `in_quintuple`, `in_tripleFelina`, `in_parvovirus`, `in_rabia`, `in_giardia`, `in_bordetella`, `in_leucemia`, `in_otra`, `in_desparacitacion`, `fecha_desparacitacion`, `medicamento_desparacitacion`, `in_controlGarrapata`, `fecha_controlGarrapata`, `medicamento_controlGarrapata`, `tiempo_mascota`, `otras_mascotas`, `dieta_alimenticia`, `acceso_calle`, `contacto_enfermos`, `enfermedades_Ant`, `habitat`, `sintomas_obs`, `med_Adm_Casa`, `stAspecto`, `stLesiones`, `stAlopecia`, `stParasitos`, `smeMovimeinto`, `sdApetito`, `sdIngestoAgua`, `sdVomito`, `sdVomitoFrecuencia`, `sdAspecto`, `sdDefeca`, `sdDefecaFrecuencia`, `sdColor`, `sdAspectoDefeca`, `sdEstreñimiento`, `sdFlatulencia`, `sdDeglucion`, `srTos`, `srTipo`, `srDisnea`, `srEstornudos`, `srDescargaNasal`, `scFF`, `scClanosis`, `scTosNocturna`, `suOrina`, `suCastrado`, `suCruzadoRaza`, `suGestante`, `suPsudociesis`, `suUltimoCelo`, `suUltimo_parto`, `suDescarga_PreVa`, `snComportamiento`, `snIncoordinacion`, `snDismetria`, `snGolpe_Previo`, `snResponde_llamado`, `snOjos`, `snSecrecion`, `snCeguera`, `snOidos`, `snSeRasca`, `snMalOlor`, `snEscucha`, `snParasitos`, `snDescarga`, `snAfectado`, `idMascota`, `fecha_realizado`, `motivo_consulta`) VALUES
(1, 1, 1, 1, 1, 1, 1, 1, 1, '1', 1, '09/06/2024', '2', 1, '09/06/2024', '3', '4', '5', '6', 1, 1, '7', '8', '9', '10', '11', '12', '13', '14', '15', '16', '17', 1, '18', '19', 1, '20', '21', '22', 1, 1, 1, '23', '24', '25', '26', '27', '28', '29', '30', '31', '32', 1, 1, '33', '34', '35', '36', '37', '38', '39', 1, 1, '40', '41', '42', '43', '44', '45', '46', '47', '48', '49', 2, '09/06/aaaa 17:40', 'Mareos'),
(5, 1, 1, 1, 1, 1, 1, 1, 1, '1', 1, '09/06/2024', '2', 1, '09/06/2024', '3', '4', '5', '6', 1, 1, '7', '8', '9', '10', '11', '12', '13', '14', '15', '16', '17', 1, '18', '19', 1, '20', '21', '22', 1, 1, 1, '23', '24', '25', '26', '27', '28', '29', '30', '31', '32', 1, 1, '33', '34', '35', '36', '37', '38', '39', 1, 1, '40', '41', '42', '43', '44', '45', '46', '47', '48', '50', 2, '09/06/2024 19:28', 'Mareos'),
(6, 0, 0, 0, 0, 0, 1, 0, 1, '', 0, '10/06/2024', '', 0, '10/06/2024', '', 'Desde hace 4 meses', '2 perros y 1 gato', 'Come de todo', 1, 0, '', 'En casa', 'El perro se presenta un poco mareado', 'Ninguno', '', '', '', '', '', '', '', 0, '', '', 0, '', '', '', 0, 0, 0, '', '', '', '', '', '', '', '', '', '', 0, 0, '', '', '', '', '', '', '', 0, 0, '', '', '', '', '', '', '', '', '', '', 2, '10/06/2024 07:54', 'Mareos'),
(7, 0, 0, 0, 0, 0, 0, 0, 1, '', 0, '10/06/2024', '', 0, '10/06/2024', '', 'df', 'sdf', 'sdf', 0, 0, '', 'sdf', 'sdf', 'dsf', 'sdf', 'ccc', 'sdf', 'ccc', '', '', '', 0, '', '', 0, '', '', '', 0, 0, 0, '', '', '', '', '', '', '', '', '', '', 0, 0, '', '', '', '', '', '', '', 0, 0, '', '', '', '', '', '', '', '', '', '', 2, '10/06/2024 09:33', 'Mareos'),
(8, 0, 0, 0, 0, 0, 0, 0, 0, '', 0, '10/06/2024', '', 0, '10/06/2024', '', 'dsfsd', 'sdfsd', 'sdfsdf', 0, 1, 'sdfsd', 'sdfs', 'sdf', 'sdf', '', '', '', '', 'sfdsdfsdfsdfsd', '', '', 0, '', '', 0, '', '', '', 0, 0, 0, '', '', '', '', '', '', '', '', '', '', 0, 0, '', '', '', '', '', '', '', 0, 0, '', '', '', '', '', '', '', '', '', '', 2, '10/06/2024 09:37', 'Mareos'),
(9, 0, 0, 0, 0, 0, 0, 0, 0, '', 0, '10/06/2024', '', 0, '10/06/2024', '', 'sdfsd', 'sdfs', 'sdf', 1, 0, 'sdfs', 'sdfsd', 'sdf', 'sdf', '', '', '', '', '111111', '', '', 0, '', '', 0, '', '', '', 0, 0, 0, '', '', '', '', '', '', '', '', '', '', 0, 0, '', '', '', '', '', '', '', 0, 0, '', '', '', '', '', '', '', '', '', '', 2, '10/06/2024 09:41', 'Mareos'),
(10, 0, 0, 0, 0, 0, 0, 0, 0, '', 0, '10/06/2024', '', 0, '10/06/2024', '', 'ccd', 'sdfsdf', '', 0, 0, '', 'fds', '', '', '', '', '', '', 'ccc', '', '', 0, '', '', 0, '', '', '', 0, 0, 0, '', '', '', '', '', '', '', '', '', '', 0, 0, '', '', '', '', '', '', '', 0, 0, '', '', '', '', '', '', '', '', '', '', 2, '10/06/2024 09:46', 'Mareos'),
(11, 0, 0, 0, 0, 0, 0, 0, 0, '', 0, '10/06/2024', '', 0, '10/06/2024', '', 'wrwe', 'werw', 'werwe', 0, 0, 'er', 'werw', 'wer', 'wer', '', '', '', '', '333333', '', '', 0, '', '', 0, '', '', '', 0, 0, 0, '', '', '', '', '', '', '', '', '', '', 0, 0, '', '', '', '', '', '', '', 0, 0, '', '', '', '', '', '', '', '', '', '', 2, '10/06/2024 09:51', 'Mareos'),
(12, 0, 0, 0, 0, 0, 0, 0, 0, '', 0, '10/06/2024', '', 0, '10/06/2024', '', '', '', '', 0, 0, '', 'sdfsdf', 'dfsd', 'sdfsdf', 'sdf', 'sf', 'sdf', 'df', '', '', '', 0, '', '', 0, '', '', '', 0, 0, 0, '', '', '', '', '', '', '', '', '', '', 0, 0, '', '', '', '', '', '', '', 0, 0, '', '', '', '', '', '', '', '', '', '', 2, '10/06/2024 10:07', 'Mareos'),
(13, 0, 0, 0, 0, 0, 0, 0, 0, '', 0, '10/06/2024', '', 0, '10/06/2024', '', '', 'dsfsd', 'sfsdfsfd', 0, 0, 'sdf', 'sdf', 'sdf', 'df', '', '', 'sdf', '', '', '', '', 0, '', '', 0, '', '', '', 0, 0, 0, '', '', '', '', '', '', '', '', '', '', 0, 0, '', '', '', '', '', '', '', 0, 0, '', '', '', '', '', '', '', '', '', '', 2, '10/06/2024 10:08', 'Mareos'),
(14, 0, 0, 0, 0, 0, 0, 0, 0, '', 0, '10/06/2024', '', 0, '10/06/2024', '', 'dsfs', 'sdf', 'sdf', 0, 0, 'sdf', 'sdf', 'sdf', 'sdf', '', '', '', '', '', '', '', 0, '', '', 0, '', '', '', 0, 0, 0, '', '', '', '', '', '', '', '', '', '', 0, 0, '', '', '', '', '', '', '', 0, 0, '', '', '', '', '', '', '', '', '', '', 2, '10/06/2024 10:20', 'Mareos'),
(15, 1, 0, 0, 0, 0, 0, 0, 0, 'st', 0, '20/09/2024', 'st', 0, '20/09/2024', 'st', 'tts', 'ss', 'stst', 1, 0, 'stst', 'st', 'tst', 'st', 'st', 'st', 'tst', 'setsst', 'ststst', 'st', 'st', 0, 't', 'st', 1, 'st', '', '', 1, 1, 1, 'st', 'st', 'st', 'sist', 'st', 'st', 'ts', 'sts', 'tss', 'ts', 0, 0, '', '', '', '', 'st', 'st', 'st', 0, 0, 'st', 'st', 'st', 't', 'st', 'st', 'st', 'st', 'st', 'st', 3, '20/09/2024 21:28', 'ts');

-- --------------------------------------------------------

--
-- Estructura de tabla para la tabla `tb_dueño`
--

CREATE TABLE `tb_dueño` (
  `idDueño` int(11) NOT NULL,
  `nombre` varchar(255) NOT NULL,
  `direccion` varchar(255) NOT NULL,
  `correo` varchar(60) NOT NULL,
  `telefono` varchar(9) NOT NULL
) ENGINE=InnoDB DEFAULT CHARSET=utf8mb4 COLLATE=utf8mb4_general_ci;

--
-- Volcado de datos para la tabla `tb_dueño`
--

INSERT INTO `tb_dueño` (`idDueño`, `nombre`, `direccion`, `correo`, `telefono`) VALUES
(4, 'Diego Isaac Garcia Pimentels', 'Usulutan, Santa Marias', 'diegogarci098@gmail.comf', '7240-4700'),
(5, 'Juan Alberto Rodriguez', 'Usulutan, B°El Calvario casa #1', 'juanRodriguez@gmail.com', '7334-4432');

-- --------------------------------------------------------

--
-- Estructura de tabla para la tabla `tb_examenfisico`
--

CREATE TABLE `tb_examenfisico` (
  `idExamen` int(11) NOT NULL,
  `fc` varchar(255) DEFAULT NULL,
  `temp` varchar(255) DEFAULT NULL,
  `sonido_cardiaco` varchar(255) DEFAULT NULL,
  `reflejo_pupilar` varchar(255) DEFAULT NULL,
  `fr` varchar(255) DEFAULT NULL,
  `pulso` varchar(255) DEFAULT NULL,
  `anisocoria` varchar(255) DEFAULT NULL,
  `dentadura` varchar(255) DEFAULT NULL,
  `mucosas` varchar(255) DEFAULT NULL,
  `tonsi` varchar(255) DEFAULT NULL,
  `refl_tusigeno` varchar(255) DEFAULT NULL,
  `tllc` varchar(255) DEFAULT NULL,
  `plp_Abdominal` varchar(255) DEFAULT NULL,
  `deshidratado` varchar(255) DEFAULT NULL,
  `palmopercusion` varchar(255) DEFAULT NULL,
  `riñon` varchar(255) DEFAULT NULL,
  `vejiga` varchar(255) DEFAULT NULL,
  `dedos` varchar(255) DEFAULT NULL,
  `higado` varchar(255) DEFAULT NULL,
  `prepucio` varchar(255) DEFAULT NULL,
  `intestino` varchar(255) DEFAULT NULL,
  `testi_vulva` varchar(255) DEFAULT NULL,
  `condi_corporal` varchar(255) DEFAULT NULL,
  `otras_observaciones` text DEFAULT NULL,
  `dx_presuntivo` text DEFAULT NULL,
  `dx_diferencial` text DEFAULT NULL,
  `examenes_lab` text DEFAULT NULL,
  `idMascota` int(11) NOT NULL,
  `idConsulta` int(11) DEFAULT NULL
) ENGINE=InnoDB DEFAULT CHARSET=utf8mb4 COLLATE=utf8mb4_general_ci;

--
-- Volcado de datos para la tabla `tb_examenfisico`
--

INSERT INTO `tb_examenfisico` (`idExamen`, `fc`, `temp`, `sonido_cardiaco`, `reflejo_pupilar`, `fr`, `pulso`, `anisocoria`, `dentadura`, `mucosas`, `tonsi`, `refl_tusigeno`, `tllc`, `plp_Abdominal`, `deshidratado`, `palmopercusion`, `riñon`, `vejiga`, `dedos`, `higado`, `prepucio`, `intestino`, `testi_vulva`, `condi_corporal`, `otras_observaciones`, `dx_presuntivo`, `dx_diferencial`, `examenes_lab`, `idMascota`, `idConsulta`) VALUES
(4, '1', '2', '3', '4', '5', '6', '7', '8', '9', '10', '11', '12', '13', '14', '15', '16', '17', '18', '19', '20', '22', '23', '21', '24', '25', '260', '27', 2, 11),
(5, '', '', '', '', '', '', '', '', '', '', '', '', '', '', '', '', '', '', '', '', '', '', '', '', '', '', '', 2, 13),
(6, '', '', 'et', 'ert', '', '', '', '', 'erte', 'ert', 'ert', '', '', '', 'gfh', '', '', '', '', '', '', '', '', '', '', '', '', 2, 14),
(7, NULL, NULL, NULL, NULL, NULL, NULL, NULL, NULL, NULL, NULL, NULL, NULL, NULL, NULL, NULL, NULL, NULL, NULL, NULL, NULL, NULL, NULL, NULL, NULL, NULL, NULL, NULL, 3, 15);

-- --------------------------------------------------------

--
-- Estructura de tabla para la tabla `tb_key`
--

CREATE TABLE `tb_key` (
  `id` int(11) NOT NULL,
  `clave` varchar(5) NOT NULL
) ENGINE=InnoDB DEFAULT CHARSET=utf8mb4 COLLATE=utf8mb4_general_ci;

--
-- Volcado de datos para la tabla `tb_key`
--

INSERT INTO `tb_key` (`id`, `clave`) VALUES
(1, '12345');

-- --------------------------------------------------------

--
-- Estructura de tabla para la tabla `tb_mascota`
--

CREATE TABLE `tb_mascota` (
  `idMascota` int(11) NOT NULL,
  `nombre` varchar(255) NOT NULL,
  `especie` varchar(50) NOT NULL,
  `raza` varchar(100) NOT NULL,
  `edad` int(2) NOT NULL,
  `sexo` varchar(1) NOT NULL,
  `color` varchar(60) NOT NULL,
  `señas` varchar(255) NOT NULL,
  `foto` longtext NOT NULL,
  `idDueño` int(11) NOT NULL,
  `fecha_ingreso` varchar(255) NOT NULL
) ENGINE=InnoDB DEFAULT CHARSET=utf8mb4 COLLATE=utf8mb4_general_ci;

--
-- Volcado de datos para la tabla `tb_mascota`
--

INSERT INTO `tb_mascota` (`idMascota`, `nombre`, `especie`, `raza`, `edad`, `sexo`, `color`, `señas`, `foto`, `idDueño`, `fecha_ingreso`) VALUES
(2, 'Dante', 'Perros', 'Pastor Alemans', 3, '', 'Negro y cafes', 'Orejas largass', '', 4, '08/06/2024 19:11');
INSERT INTO `tb_mascota` (`idMascota`, `nombre`, `especie`, `raza`, `edad`, `sexo`, `color`, `señas`, `foto`, `idDueño`, `fecha_ingreso`) VALUES
(3, 'Ares', 'Perro', 'Pequeño', 2, '', 'Negro', 'No tiene', 'iVBORw0KGgoAAAANSUhEUgAABQAAAALQCAIAAABAH0oBAAAAAXNSR0IArs4c6QAAAARnQU1BAACxjwv8YQUAAAAJcEhZcwAAEnQAABJ0Ad5mH3gAAP+lSURBVHhe7P3ncxvJnqYNP3/aftmI/bL77DwxO3N25szp7tPdp723Mu1kWi3vW97SiKJoRW9BAxIkDAl6Et57732/N1BovjogJVEUKRHAfcUvGGAhMysrq1hVF7Mq8//5gxBCCCGEEEIIqQIowIQQQgghhBBCqgIKMCGEEEIIIYSQqoACTAghhBBCCCGkKqAAE0IIIYQQQgipCijAhBBCCCGEEEKqAgowIYQQQgghhJCqgAJMCCGEEEIIIaQqoAATQgghhBBCCKkKKMCEEEIIIYQQQqoCCjAhhBBCCCGEkKqAAkwIIYQQQgghpCqgABNCCCGEEEIIqQoowIQQQgghhBBCqgIKMCGEEEIIIYSQqoACTAghhBBCCCGkKqAAE0IIIYQQQgipCijAhBBCCCGEEEKqAgowIYQQQgghhJCqgAJMCCGEEEIIIaQqoAATQgghhBBCCKkKKMCEEEIIIYQQQqoCCjAhhBBCCCGEkKqAAkwIIYQQQgghpCqgABNCCCGEEEIIqQoowIQQQgghhBBCqgIKMCGEEEIIIYSQqoACTAghhBBCCCGkKqAAE0IIIYQQQgipCijAhBBCCCGEEEKqAgowIYQQQgghhJCqgAJMCCGEEEIIIaQqoAATQgghhBBCCKkKKMCEEEIIIYQQQqoCCjAhhBBCCCGEkKqAAkwIIYQQQgghpCqgABNCCCGEEEIIqQoowIQQQgghhBBCqgIKMCGEEEIIIYSQqoACTAghhBBCCCGkKqAAE0IIIYQQQgipCijAhBBCCCGEEEKqAgowIYQQQgghhJCqgAJMCCGEEEIIIaQqoAATQgghhBBCCKkKKMCEEEIIIYQQQqoCCjAhhBBCCCGEkKqAAkwIIYQQQgghpCqgABNCCCGEEEIIqQoowIQQQgghhBBCqgIKMCGEEEIIIYSQqoACTAghhBBCCCGkKqAAE0IIIYQQQgipCijAhBBCCCGEEEKqAgowIYQQQgghhJCqgAJMCCGEEEIIIaQqoAATQgghhBBCCKkKKMCEEEIIIYQQQqoCCjAhhBBCCCGEkKqAAkwIIYQQQgghpCqgABNCCCGEEEIIqQoowIQQQgghhBBCqgIKMCGEEEIIIYSQqoACTAghhBBCCCGkKqAAE0IIIYQQQgipCijAhBBCCCGEEEKqAgowIYQQQgghhJCqgAJMCCGEEEIIIaQqoAATQgghhBBCCKkKKMCEEEIIIYQQQqoCCjAhhBBCCCGEkKqAAkwIIYQQQgghpCqgABNCCCGEEEIIqQoowIQQQgghhBBCqgIKMCGEEEIIIYSQqoACTAghhBBCCCGkKqAAE0IIIYQQQgipCijAhBBCCCGEEEKqAgowIYQQQgghhJCqgAJMCCGEEEIIIaQqoAATQgghhBBCCKkKKMCEEEIIIYQQQqoCCjAhhBBCCCGEkKqAAkwIIYQQQgghpCqgABNCCCGEEEIIqQoowIQQQgghhBBCqgIKMCGEEEIIIYSQqoACTAghhBBCCCGkKqAAE0IIIYQQQgipCijAhBBCCCGEEEKqAgowIYQQQgghhJCqgAJMCCGEEEIIIaQqoAATQgghhBBCCKkKKMCEEEIIIYQQQqoCCjAhhBBCCCGEkKqAAkwIIYQQQgghpCqgABNCCCGEEEIIqQoowIQQQgghhBBCqgIKMCGEEEIIIYSQqoACTAghhBBCCCGkKqAAE0IIIYQQQgipCijAhBBCCCGEEEKqAgowIYQQQgghhJCqgAJMCCGEEEIIIaQqoAATQgghhBBCCKkKKMCEEEIIIYQQQqoCCjAhhBBCCCGEkKqAAkwIIYQQQgghpCqgABNCCCGEEEIIqQoowIQQQgghhBBCqgIKMCGEEEIIIYSQqoACTAghhBBCCCGkKqAAE0IIIYQQQgipCijAhBBCCCGEEEKqAgowIYQQQgghhJCqgAJMCCGEEEIIIaQqoAATQgghhBBCCKkKKMCEEEIIIYQQQqoCCjAhhBBCCCGEkKqAAkwIIYQQQgghpCqgABNCCCGEEEIIqQoowIQQQgghhBBCqgIKMCGEEEIIIYSQqoACTAghhBBCCCGkKqAAE0IIIYQQQgipCijAhBBCCCGEEEKqAgowIYQQQgghhJCqgAJMCCGEEEIIIaQqoAATQgghhBBCCKkKKMCEEEIIIYQQQqoCCjAhhBBCCCGEkKqAAkwIIYQQQgghpCqgABNCCCGEEEIIqQoowIQQQgghhBBCqgIKMCGEEEIIIYSQqoACTAghhBBCCCGkKqAAE0IIIYQQQgipCijAhBBCCCGEEEKqAgowIYQQQgghhJCqgAJMCCGEEEIIIaQqoAATQgghhBBCCKkKKMCEEEIIIYQQQqoCCjAhhBBCCCGEkKqAAkwIIYQQQgghpCqgABNCCCGEEEIIqQoowIQQQgghhBBCqgIKMCGEEEIIIYSQqoACTAghhBBCCCGkKqAAE0IIIYQQQgipCijAhBBCCCGEEEKqAgowIYQQQgghhJCqgAJMCCGEEEIIIaQqoAATQgghhBBCCKkKKMCEEEIIIYQQQqoCCjAhhBBCCCGEkKqAAkwIIYQQQgghpCqgABNCCCGEEEIIqQoowIQQQgghhBBCqgIKMCGEEEIIIYSQqoACTAghhBBCCCGkKqAAE0IIIYQQQgipCijAhBBCCCGEEEKqAgowIYQQQgghhJCqgAJMCCGEEEIIIaQqoAATQgghhBBCCKkKKMCEkN0lm/sjnc0lM9lEequRzOSQBRkJIYQQQgjZQSjAhJCtksvlbTaTyyEgqIhUIeCriEQ+siURT2ejqWwomfHF094thz+eRpZIOhvfUKAQ+TVivYW1CzURaoXqoZKEEEIIIYRsCgWYELIl4JWpTC6WyoZTmWBBaN2xlD2StEWS1nDSHE4agwldIK71/1NoCqH2xdd8sa2HyhdDFnUhb0mBWIUhkDCHElast7B2VMOfSKNKqFgsnUUlszlaMCGEEEII2QQKMCEkL7dC167QqZso9NxCJqPpbATGm8yEknnp9cTSjkjKBt0NFXTXH1d5Y2ve2Io3tuyJLbijSldk1rm7oXRGFlzRJU901RtDwJahxMZQAgYOGXZGUqhkAD6cyNcZlccmYEOwOdgoobtY6CgmhBBCCCFVCAWYEJK332QmB0uMpDL+RNoVzXftWsNJUyihCyRUvjhUE4oL7Vx05wOui5h3RedcESGgvlDTElndpcCKsLo/V52vhlAfVGwJ4YmiqoiCGydMoaQlnHT82VEcTuV9GCbMPmJCCCGEkCqEAkxIdSF09grdvMLbudBCyKHQtQtXNAQTWuGh5ULX7qIHlvsqunZ3PKDHkGFsAkxY7Y9rA3FsmjmcF3tHNN9RnH9wOpGB88P80SAZSjEhhBBCSKVDASakuhDsN5LKeuNpWySpDyZWvfmnl4u9uIWO3PUoUcoyjSe3SNhGKD02GRuu98fhw55YKpTMJDJZPhpNCCGEEFLZUIAJqVgKnb358ZmjqawwbJXwbLP5z27eNd+re3d3rwU2GRu+7ImueWMaf1yfH1gr/xYxmggNBR+O5l8bzr8zzH5hQgghhJCKgQJMSOUAU4OtQdmE4ayE13oDiYwzmoLdwXhXoLuuaMV07e5soFnmXflHprWBuCWcdBXeGY6kMmjGP4fOKkyzVGxsQgghhBBSflCACakcUtl8Z6+/0NNriwhDWOVnElrzxaC+i4Vhq2i/zwilK+/Ai0+8OYwGNAUTNvhwNIWGhQ+jkYvNTQghhBBCyg0KMCFlTK4wdxGULF4Y0cqfSDuiKWMwofbFoXAL7miJ4DFeNIRu4WVPVOOPo2HtkSQ0OFqYVymVKYybRR0mhBBCCCkfKMCElCtQr8JwVvnpeS3hpNDTuyz09OYHtarGN3t3I+DAc4UXhtGwwuxK+WekQ/mhs6KpwoxKxR1CCCGEEEL2OhRgQsoG4RXfdGEGI3hvoDB9kTWc1AfyIznnH2+m8e5+5B+TLowgrQvEbfkRpNOB/FxKWewU7Bq+JEwIIYQQspehABNSNgj2C9fyxNOmUELliy158q/1srP31QcafK7wwvCSJ6byxU35DuE0dk2q4MCEEEIIIWRvQgEmZE8D6V2fxwiKZS8MbaUNFF/x5YhWrz1gwtgRq4Wxo7Fr7JEUdhN2VjTNp6MJIYQQQvYcFGBC9ijrDzyHkvl5jCBXa74YjXePx5wrAhk2BBPYZeFUJpOflYoPRRNCCCGE7BUowITsLSBL2Zwwf29amL9XF4irOKpzmYTSme8QXi48F60LJEyhvAkHEplEJksTJoQQQgh57VCACdkr5HJ/ZLK5ZCYXS2W9sbS50OWbf793g2UxyiWw79a8MXMo6S1MnoSdi11MDSaEEEIIeV1QgAnZE2Tz7/rmJ/K1R1L6YELliy978rMZ0X7LPQrTCOcnT9IFErZIErs4yYGyCCGEEEJeExRgQl4nucJcvvF0NpTMuGP5F32hvnnv5ajOFRcw4TVvDLvYE09jd2Onp9kbTAghhBDyaqEAE/LaEJ55DiYz9khK6893+S64C3MabXAnRgUEdutcYcjoJU8Uu9sWSUKD0zk6MCGEEELIq4MCTMirJlvo9Y0WhrlyFYZ3VvniixzgqpoCu1vly/cGO6MpfzwdSWU4gTAhhBBCyCuAAkzIKwWOk87lwqmsI5rv9Z135TsG2eVbhSHs9wV3VO2L2cLJcDLvwMWjhBBCCCGE7A4UYEJeBYL3RlJZbzxtiyQNhWGuljx82rnaAwfAojv/bjAOCWiwN5bvDU6zN5gQQgghZHegABOyu0BksrlcMpuLpIu9vnzambFpLLmjGl/cEUmFU5lkBg7M14MJIYQQQnYYCjAhuwgEBuobzE9ulNQF4mveGOx3jiM8MzYLHBhCbzAOleKESZw1mBBCCCFkR6EAE7IrZHN/pAvzG/kSaUsoseaL8WlnxhZD6YqsemOmYMIXT8fSWY6PRQghhBCyU1CACdl5YCuJTH6QZ3MoofbFljzReRcfe2a8QOCAwWGz5oubQklfIh3PZIvHFiGEEEIIeQkowITsGPDebC6vvqFkxhVLmYKJFU9sng88M7Ybc67oSmF8LGc0hYMKh1aGLwYTQgghhLwEFGBCdgzYbyqb88TSukAc3jLv4iDPjJcNpaugwZ6Y1h/HoQUH5mvBhBBCCCHbhgJMyA6QyeVi6aw/kZ/iSBvIz28EaSkxGQZj2zHnyo8RjUMLB5jwYnB+eCyKMCGEEELIC0IBJuSlyD/2/Mcf8UzWXej4ndugLgzGDsa8O4rDzBVNxQUHLh6GhBBCCCFkS1CACdk+qWwumsqrrzmc1PjzHb985pmxq6F0RXCYqf1xUzDhjqUiqfwY0cXDkRBCCCGEPA8KMCHbIZvLQTxCyYwzmoL6LrqjMJMSV2EwdimUhWGiceA5IvnBsQrzJFGDCSGEEEKeDwWYkBcj/8xzLhdJ5dXXEEysemML7ugc7ZfxagMOjANvxRvTBxLQ4EgqPzgWJZgQQggh5NlQgAnZKgX1/SOZyYWTGXsk/8zzopsjXTFec+AgVPuKXcE4ONkVTAghhBDyDCjAhGwVwX598bS+0PGbn+WIHb+M1x3C49DLnnxXMA7ORIbvBBNCCCGEPBUKMCHPB0aRyuYfe3YVHnuGbEA5SjyEwXiNkZ8nyRPDwYlDNFzoCi4eu4QQQggh5AkowIQ8n2zuj3AqY4+kVrwxTnTE2LOhdEZWvTFLKBlKZorHLiGEEEIIeQIKMCFPpfDSby6aynhiKVMoofLF2fHL2OOx4I7CgYVJkmL5kbHyhzEhhBBCCBGgABOyOdCGTDaXTGddkZTaF+N4V4wyCmjwmjfmjqYSmWyGo0MTQgghhPwJBZiQTciPd5XN+RNpcygh2C8nOmKUUeBwhQOrfXFzOOlPZBL50aGLxzYhhBBCSDVDASbknxA6fuPprGC/VF9G+YayMDKWKZT0xtM4pNOUYEIIIYRUPRRgQv6JTC4/za8jktL440uevP0qN3gFg1EugQN40RPFwWwvTBRMAyaEEEJIlUMBJqQI3CCRyQYTGVs4CWHgeFeMion849D+uDWcDCYz8QxHxiKEEEJI9UIBJqRI9o8/vLG0PhBfLnT8ligEg1G+oSx0BePA1vjjnlg6leUrwYQQQgipUijAhPyRy/0RS2chBoZAgvbLqNTIPw7tjuoDCVc0FU1xdGhCCCGEVCMUYFLtZHN/pLM5dzS16o0tcK4jRqXHvCu66onBgRPpbJYKTAghhJAqgwJMqhfc+2dyf0RSWWckpfXHYb/s+2VUfCgLrwRr/HFbJImDP00JJoQQQkg1QQEmVQpu+nHrH0tnndHUmo99v4zqijlXdNUXw8EPB+az0IQQQgipHijApBoR7DeSzFjDSZUv3/erZN8vo5pC6YzMu6Or3pgllAynMikOikUIIYSQ6oACTKqOXOGl31AyY48k17yxeaovo1oDGgwHtoWTwUTegWnBhBBCCKl4KMCk6sj3/aay5lByOW+/UThAiRUwGNUTc67IkjtqCiYCiUwyQwMmhBBCSIVDASZVRDb3RyqbCyTS1nBy1RvjY88MBkLoBzaFEr5EOpFhPzAhhBBCKhkKMKkiYL/hZMYYTMy58jf9JRrAYFRz4I/CGEr4C89CF/9gCCGEEEIqDgowqQoyuVw8nfXG07DfFW+s5NafwWAg8KdhCCY8sXQsP0Vw8W+HEEIIIaSSoACTyieX+yORydsvbu7nNtz0MxiM9Zh3R/WBuDuWSmbowIQQQgipQCjApMLBTXw8nfXE0tpAfMnDIa8YjGeF0hXBn4nWH3dEUuEUB8UihBBCSKVBASaVTDaXS2SynkLf74I7WnKvz2AwNg38sah9cWc0hT+fTI4WTAghhJDKgQJMKhnhvV9tIL7oZt8vg7HVwB/LvCvfD+yKpqLpbPHPiRBCCCGk/KEAk8okW5jxSHjvd8nDvl8G44VDeBbaHcv3A2fZD0wIIYSQioACTCqTZCYXSmZgv/Mu9v0yGNsJ/OHMuSL6QMIXT8OBi39ahBBCCCHlDAWYVBrZ3B/pbM6fKMx45OGMRwzGSwX+iAwFB05mchwXmhBCCCHlDgWYVBqw32g6aw4l2fHLYOxIzLui5lAimMjgj6v4Z0YIIYQQUp5QgEnlkCv0/QaTGXM4uepj3y+DsTOhdEVWvTFTMIE/rhTfBiaEEEJIOUMBJhUCbsphv5FUxh5J5uf7dZXexDMYjG2H0hlZ9sTwxxVOZjI5OjAhhBBCyhUKMKkQMrk/oqmsNZxUeWNzLg77zGDscMy7oqu+GP7EYulshs9CE0IIIaQ8oQCTSiCby0XSWWc0teaLzbPvd4/FjDOicIRl9rDUttVAYoUjMuMoLYrxemPOFVUVJgeOpLJQYEowIeTVk06nY7FYMBj0eDwul8vhcFitVqfTGQgEEolEMREhhDwdCjApe3K5/KRH9khK5YsvuDnp0d4KwX6nbKExU3DEuNUYMwenChpcUhrjtQf+xFa9MUc0lcpyUGhCyGsgFAqZzebFxUWJRDIyMtLX1/f48ePh4eGFhQW3211MRAghT4cCTMqeWCrrjqa0/oL9svv3lQS0Vu4IS+3hKWtIbAmNmoMjpsCwMdBv8PfqfN06X6fW91jjFaJN7WlWeR6uuB9sOR6uupGlTV0sAdGp9aJYFD5g8GNFWN2oOTBhCUGtUQ1UBlUqqSRjN6IwOXBUG4i7Y6lYmiNiEUJ2kWw2m0qlYLwwW4vFotfrNRrN/Pz85OTkwMBAe3t7U1NTXV3djRs3bt26VVNTg68yHKaAEPI8KMCkvMFVDjfia94Y7LfkTp2xeyF06o6bg8OGQLfW16ryNK15Hqy4bs87rirtl2ZsZ+XWE1LLn2HebhRLOCm1nJVbLs5YryntdxYcWNGjVXeLyt2j84mMgTFzUGILKfi89CuMeVd0xRPzxFIZKDBvNQkhu0M6nY5EIkajcXZ2ViQSdXR0PHr06MGDB5Be6O69ArDfs2fP/vjjjx9//HFXV1c8HocDF/MTQshmUIBJGZPIZH3xtCGQgP3Ose93d0LuCEMvIZmDBn+3zteu9sJ1G1bc9cuumiXXvUXnrXnH9Tk7vPf3WdsFhRXqe1qWl97fpncyUOApGTTYilVgRVjdtTk7fBsVqFlyojINhU7jxxovrBhVHaUV72YonZEFVxR/ep5YOpGhARNCdoBcLpdIJAKBgM1m02q1S0tL8N7p6WmoL8y2ubn54cOH9X/S0NDQ1NQEJe7v7x8ZGYEYnzp1anR0NBQKpVKpYomEELIZFGBSluCOO5v7I5BI6/zxJQ/7fncsZhz53l1Ib37MKnt42hYetwQHDH6IZcOK6/aC4/KMDSJaYqd7JM7ILb8r7XcWnQ9W3O0ab78hILaEsAnYEGwONgqbxoG1djAW3VH8AYaS+TGhKcGEkBcFxpvNZtPpdDKZhPpGIhG32w31lclkg4ODra2tMN7a2tr79+/fu3cPP/FZ8N62tjYo8dDQEPR4bW3N5/PBluHAcrnc6/VyKCxCyLOhAJOyJJ3NhZMZazi5xL7fnQu5PSyxBkWmQK/eB4FsXHPXLrvgkzf/fLD5nGJXend3Kk5ILafllvMKK6p6RWm/Me+4s+DEJjxadbervdgobNqkNQQTLtlwxvYCf3ornpg1koQDZ/gkNCHkBYGpwl1NJhP0VaFQTExMiESi3t5e4eVe2K/wtDPAByzp7u4eGxubnZ2FJBuNRpvN5nK5gsEgylldXYUbw5wpwISQ50IBJuVHNvdHLJ11RFIaf5xjPr9MzDjyTzhP28LQwnFLcMjo79Z6m1V57705b780m+/sPS7do/29WwwYO3wYDl+37GxWebp0viFjABuLTcaGY/PZJ/wyMe+Kqv1xeyQVz+QnRiKEkKeRy+VSqVQ0GoWywns9Ho/ZbF5eXp6amurv729ra4PBCv29NTU19fX1jY2Nra2tnZ2dUOKhoSGxWDwzM6NWq91uN8rJZrPFcguoVCpkkUqlKDmZTBaXEkLIZlCASZmBe+xkNueLp9WFSY9KbscZLxQye3jCGuo3+FvVnpol1415x+VZ24UZ6zmF9YzccjJvv6U+WXaBTTgptZyRWbBR2LTfZ/MyDMNvUXmw4dBgTrb0MqGEA7ujWn/cl+DLwISQpyI86gzp1Wq1s7Oz4+Pjg4OD3d3djx8/bmlpefToEey3rq4OAiz090J94b0SiQSGbLFYvF4vzBbmDH+G38KlQbHoAhRgQsjWoQCTcgKXu3Q2F0ikzaHEIu33xWOm8HIvrG+0MKhVl9YHD6zL9/c6Luzhl3t3MI5P5wfTggnD9rHhrSpPt843+OdQ0mgcjpu1jVjyxEyhpD/B6UcIIUUymUyiMKKVy+WyWq1GoxHqq1Qqob49PT3Nzc2wXOgugLg+fPgQSyDDfX19IyMjk5OTCoVicXERuZ79SDO8GitKpVIrKysoRyaT+f1+CjAh5NlQgEk5kc3l4umsKZhY8nDK3xcOYfJesSXYq/c/WvPcnndcmrGdllkghCel+c5eyGGJLlZkYDOFbmFs+BmZ5dKs7daCs0nl6TP4xZa8A3NK4ReNOVdk0RO1hJOJbI7dwIQQEIvF3G736uqq8IRzR0dHS0uL8GYvTFVQX1BXV9fY2NjW1jYwMDA9Pa3RaCDMkUgE0guPTafTz5jXF8uhvvF4PBwOz8/PCwIM5aYAE0KeDQWYlA24AEZTGVc0pfLFOPDV1kPhiEzbwiOmQI/O16bOz2B0b9F5TWk/r7BWQ5fvcwONcE5hvTZnv7eUHz66Ve3p1fvQXNP5WZT4dPRWQ+mKqP1xZzQVTf/Ti3mEkGoAmhqNRoXXerVaLbx3bm5OKpUODw93dnauT94LR8UH4eXe7u5ukUgE6Z2dnV1aWoL6WiwWv98P9S15v3cdLIfxBoNBYZ6kxcXFmZkZCLZYLO7p6UH5crmcAkwIeS4UYFI2ZHN/uKMptS/GV3+3GDOFYa5gv6PmYIvKc2vecVZuLfdBrXY7IMO3FuytKveoKTBlC6EB2SG8xcAf5qo35onlDZjdwIRUNvl3cAuTGAHYbywWs9vt8NixsTGYbVNTU0NDA3RXeK23pqZG6OzFwubm5o6ODogx3NVgMDx32t71FQnPVCO9Xq+HNmMtKP/27dtXrly5cOHCtWvXsAoIMPT42QUSQggFmJQHyUwulMwYg/lXf9n9+9xQOCJSe957u7W+xlX33UXn1UKXb/5R5w3Kx3gyTsryEymhue4uOtB0Xdp8b7BgwiWNzCgJ/GHCgU2hRCCZSXJIaEIqFOgoXDQSiTgcDp1OB+mdnZ2dmpoaGRnp7e1ta2sT+nthpwAf8CsW9vf3i8Xiubk5tVoNg7VYLC6XS7BfyG2x6A0kk0kILRKvrq5CboV5koaGhgYHB0dHRyUSiTCeFtT6zp079+7dk8lkFGBCyHOhAJO9Du6jc7k/YL/WcHLVGyu552Y8GX9OaxQSW4LDxkCb2guLuzhjLXE8xlbi+LT54oztzoKjVeUZyL8eHOS0SVsJ/JGaw8lwKgMFpgQTUgEIHbCwyng8Du+FYfp8PqPRCJsdGxvr6upqamqC6wqdvQCfhUGt2tvb8S1kFeI6Pz+PLIFAAEWhwGLR/4yg1pDeaDQaDoeR2G63a7VaqC+kF6XBpRsbG4UOZKzdbDYjGX5iSU1NDRxYKpVSgAkhz4UCTPY6uI1OZHLOaGrFE5t38eHnZwXUd8wc6NR6G1ZctwpzGp3ji74vEfnXg+VWNOPNeUf9sqtD4x015TW4pNkZTwb+SOHAzhhnBiakQoBPwnttNtva2ppCoRCLxfDP3t5eYQYjGOn6+70NDQ2CoEJ64aIrKysmk8npdHo8HtgstBZFPc1+Aew3FApZLJaFhYXJycn+/v7u7u7Ozk58GB0dlclkS0tLsGjUBGWiwFgslk6nkR41uX///t27dynAhJCtQAEmexpcJxOZrC+e1gcSyg232gzETOGB5ylbaNQc6NX7WlTuu4uOS7O2k3zXd+cCjXlBYb2z4Gxe8/TqfNBgNLjCwfGiN485V1QfTHji6WSGsyIRUmZAUGGVcEsYJsTV4XBAYtVqtVwuF4lEkNv1Ea0E6X1yBiMkgB5DkoXJe1HCs11UeHkYySC00FqDwQBnxopGRkZQGtYFAR4YGIAMQ4nNZjNSljwvjdo+KcCQ5Oe+VEwIIRRgsnfBrXM2lwsm0lp/fIkDXz0lhNd9+/T+Byuu63P2cwrraWFaow0Wx9h2oDFPSC1o2Px40Up73ZILDS44cMnuYCCUzvysSLpgIpTKT2BS/HsmhJQDMEyhG3Z+fn5iYqK/v7+zs7OtrU2YwaihoQH2K4DPWAj5hPdCevV6vcvlCgaDkUgEWptMJuG3z+jvBdFoFCuam5sbHh4W1BoFtre3Dw4OQmU1Go3dbof0hsPh9QKLOf8EtYUYU4AJIS8EBZjsXTLZXCSVsYWTsF8OfLUx5I7whCU4YPC3a7y1y67fZ21n5Oz13fWABl+asdUsOdvUxXeD8y8Gb9g7VR5KV2TFG7NFkuFk/mVgQsjeBIIKXYQ0wl1hkpBYlUoFI5VIJAMDAxDLJ/t78QG/QlD7+vpGR0elUunMzMzCwgJM1WazCeb5NOPFcsjq+lRJyCJMlYQVoSisa2hoCCIN5ZbL5SsrK0gDl372hEZCmYIA19TUCINgUYAJIc+FAkz2LolMzh5Jqf1x2u+mMWULdet8tUuu/PDOMnb5vrpAUx+XmtHsNUsu7IIpW5BdwRtjrvAysD1CAyZk7wKHjEQiBoMBKisYb2NjozCDkUChrzcPFsJ+Ozo6RkZG5ufnLRZLPB5Pp9NQUIByQLHQzUAaeKndbkdeuG5TUxOU9f79+1hFd3f31NSUVqsVJgHOZDJbKRAgARJTgAkhLwoFmOxFcNFLZXOBZEYXyM97xLd/nwypPSy2BHt0vsY19+2Fwuu+tN/XEWj2SzM27IKHq3kNxk7BrinZWdUc+LNdcEX1gXgwkUlm6MCEvH4glslkMhAIWK1WjUaztLQ0NzcnlUo3zmAk9PdCU2G88FUIKlKurq4il8lkcrlc4XBY0NRi0RuAmsZiMaTU6/WLi4sKhUIikYyNjQ0PD4tEInyYnp6enZ3FVygT9UGtUDeUWcy/BQQBRn3WBVgul6NiFGBCyLOhAJO9SDb3RziVtUdSyx7Oe/T/D4UjLLOHx8xB6NbdRec5hfUER7p63XFCaj4js2B3dGl9o+YgdpCC8yQ9ESvemDWcDCVL39wjhLwCoIhQynQ6DbdMJBKQQ6/Xq9VqZTLZwMBAS0vLw4cP13W3sQAcGAiTGPX19YnF4uXlZYfDEY1Gi4U+BUFHIZ9YkTC0lc1mW1hYGB0dRVENDQ1wVJTc1dUFnVar1T6fD7V6hkI/F+TFpkGAUf6TAoyFxRSEELIZFGCyF0nn8vMeqX1xznskRGGoZ6hvoEPjrV92XZuz5x975khXeyAK42PlH4fGTqlbdrVrvGPmoNyR32UlO7E6Q5gVyRVN5QfDYTcwIa+WeDwOzzQYDIuLi5DDyclJ4YXb7u7u1tZW2C+8t/B6bx0+w4d7enqQYGZmZnV1Va/XW61Wp9Pp9/shtM+2yvX+Xpgtso+NjQ0NDcGf+/v7h4eHJyYmsHBtbU2n05nNZmGsrBft790IzinwbaPRKPQA379/nwJMCNkKFGCy58CNcjSdNQYTCy4+/Jz3KLkjPGULjZgC7WrP7QXHBYW1xMEYeySgwTcXHHBgUWGeJOy4kr1ZnYG/Yvw54486zZeBCdlNhCeco9Eo9BLW6vV6YZsrKysSiQQuKhiv8FovPoDGxkZIL+wRPjw4OAhrVSgUKpUK0otC4LTFcjdjfV2BwmxJdrsdwrywsDA+Po51tRXo6OiA/cpkMlix2+2Gl+7sv8EEAYbeYxNqa2shwKg/BZgQ8lwowGTPEU1lndGUyhej/SIUjsikNdSr991fcgrjPHOC3z0bJ6QW7KDLs7aaJVev3j9hCbEfWAj8OdsjSfxpF//ICSE7DWwQRgrP1Gg0MzMzYrFY6IPt7OyE+j569Gh9aCtBgLEQ3otksFaTyQTp9fl8MGc4LcqB/T5bVuPxONYFW56ensaKsJb29nYYb29vL8qcn58XZkWChMOQhTJ31n6BsMnrAlxTUwMBjkQiFGBCyLOhAJM9BC6OuOR642ldgBP/5mPaFh41Bzs03pol54X8M8+lxsXYg3FCar44Y6tdcj3WeEdMgSkbNTiy6I6q/XH8aaefNWgOIWSr4A8JjgoLhV5CRK1WKyQW6js7Ozs+Pt7T0yP090J6obuC8Qpz9kKJR0ZGJBKJXC6Hpup0Omgqynl2fy9IJBLQYyQ2F2ZLWllZETR7cHCwv8D6o85qtRrJYrFYMeeugUZArVCZdQHG2inAhJDnQgEmewjYbyKdtYSS8678Y5Ml99DVFrCmYWOgWeW5qrSfklmO037LJ+DA2GXX5uyNq+4ho19R9RMF48953hW1hvOdwJwViZCXJ5vNwv2gvqurq9PT0wMDA52dnS0tLY8ePYLrCtIrdPbCgYVHnaG+8F6kdzgcMF5kTyaTqVTquZ29AAm8Xi/MFiV0d3ejQKEzGeYJnV5cXLRYLNBjodgtlvnyCI1AASaEvCgUYLKHiKez7lhK44+X3D1XVcCU4Evj5vxERw0r7utz9jNyPvNclnFWbr2qtD9YyU+SNG4Jyqtbg+HA+NN2RlPxDB+EJuSFgdTFYjFYKFRTq9UuLy/Pzc1BfYeHh2GkgvoKDzlDeuHAWNLV1SUSiaampmZnZ5eWlqCvZrMZJTy3bxbuCjcOFGZLQi7kRQkoZ3R0FAUKkxgJfcj4SuhDfu47w7sBBBjKjQpAgOvq6uDAFGBCyFagAJM9RCCR0frjS56qfvgZ9iu1hbq03ltzjvMc76r841xhZKwunW/SWu3DYi26o9pAPJTipMCEPB9YKIDjAbglvM7pdMJ7xWIxjBe6C9eF8kH8hG5eSG9+FqPGxqampra2toGBAWG2IRhvIpEoFvp0nlyXYL8ajQYldHR0oPxbt27V1NSgZPj2/Py8MCsSshQzvyZQW8i8VqulABNCXggKMNkTZHK5eCbriKZgv3PVOvUR1HfKFho0+B+tuW/N5+33FMe7Kv84KbPkHXje0bjmHjD4ocEz1TpR8JwrPy0w/swjqUyWrwIT8nTgloLxwu4WFxcVCoVEIhkbG1t/1BmiCy8VgAzDePv6+sbHx2dnZ1dXV5HLZDJBU+GxsN9n981CI1OplN/vRxYItkwmm5iYGBkZGRoagu7iAzRYqVTiKyixxWLxeDyw370gmYIAo1aCAANs/h6pGyFkL0MBJnuCZDbnS2QMwUTVvvqrcEQkthAE6eGq++KM7ZSM6ltRcUJquTRjw87t1/ureYakeVdUF4i7Y6kUDZiQP4HuCv2u0LlwOBwKhSCu0NH5+fnR0VEYr6C7EDz8fPjwIYy3ubm5tbUV4tfV1dXf3w9NnZmZgQr6fD6U8+y+2fXVwRWxLmSBaavV6unp6cHBQbg0ym9qasJ6sXbUAdKLiu1Bq4QAYxMEAa6vr6cAE0K2CAWYvH5woY6k8hP/LntjJbfLVRIzxbmO/PeXXNAkDnlVeXF8Oj8s1sUZ2/0lZ5c2/0pwyTFQJaEsPAgtTAvMJ6EJAdBRCBu8F565srIilUrFYrFIJILWdnd3t7e3w3UhvcJ4zvgJO8VC4Qnn5eVl5HI4HC6Xy+/3oxBoLbSwWPRTQBp4r9FohNxiXSgKKwI9PT0wXplMtrq6im+tViuKhYrDfiHMz5bq1wK2NBKJQN0FAQYUYELIVqAAk9cMLqnJbH7qo1VvbM5VertcDSGzhyesoW6dr27FdV5hgymVuBOjkuKCwnp/ydWh9YotQam9GvuB4cBrvpgnno6nORoWqUaER47haXBLj8djt9vNZjMsTi6XDw8Pw+WguPknmwsI/b2tra2dnZ19fX1IMD4+Pj09vbCwYDAYfD7fsx9vBhBXrA4SC0OG0EJrdTodzFkYQAvS29XVhZ9DQ0MTExOLi4uoDEQaldyDxlvCRgFWKpUUYELIc6EAk9dMJpvzJ9KmUGKxWif+HbcEO7W+2wuOM3LrCb70W+mBXXxGbrk172hReUbNVdoPjD92XSA/LTD7gEkVAh0NBoMmk2lubg7O2d/fDwWFwsFym5ubobuNjY1Cf68gwG1tbYODg9BjiKvT6QyFQhBUaF4ikYDpPVdTYYlYHbQWcjgyMoIVNTU1oVihGxnFajQat9uNNCgZnpxMJp8r1XsE1BNNoVKpsFFoK0GAhf7qYgpCCNkMCjB5nWRz+amPrOHkWlV2/0rt4TFzsF3tvbvo5IDPVRXY3Tfm7a1qz4gpMG0LVdv0SHOu6LInhj/8RCaX2fO9TIS8JMIjxy6XCxaq1+vX1tbm5+clEgn8s6OjA8b7pO7CTqFzfX19kNXJyUmZTAZPRhar1QpHRVHFQp8OrDgSiXg8HqwOcru0tDQzM4OiUODw8PDQ0BA+QLwVCoXwBHUgEChTY0S10bAUYELIi0IBJq+TVDYXTGQ0vnh1jn0F+21Te27MO/jGbxXGCan52pz90Zp7zByYqcoxsbSBuD+ZgQMXTweEVCgQV6PRCAuFfELVYLwQXZCfs6ixER8EAYa/4df29naRSDQ7O2symWB3wju9IFegWOIzgQHClqHNEGzo9J07d+7evYvCu7u7pVKpwWDw+/1QRPBCxe5BsAloorW1NUGAAQWYELIVKMDktYFLbiiZsYWTK56qG/tq2hYeNASa1jw35uzn2PdbrXFOboUDN666+w2+fD9wlWnwijdmDiVxEiieEQgpf6CUwpRCNptN6H2FiEI7x8bG+vr6ILcw0vXhrKC+LS0tHR0dg4ODExMTkN7l5WWVSgVbFh51RlEosFj0ZsBdkUCYMEmn0wkTJk1OTo6OjsKihReGp6am4N6oiVarRa222I1cFkB0sTnrAowmRWtTgAkhz4UCTF4b2dwfrmhK5YstVNPbvzPOiNwRFpkCD1fdV5V2DnlV5XFSark0a6tfcYlM/mp7FnreFYUDe2JpPgRNyhdBQdPpNKwyHo/DRX0+H9RXJpMNDAy0tbXBytYRen0fFSYZEiYx6u/vh6MuLCyYzeZoNPps3RXAGiF4cONEIoEs8GTknZ+fHxkZgWDDA+vq6rCW3t7e6elpSG8gEKgY4y0B7YCtW11dfVKAsRcowISQZ0MBJq+HTC6XyGTNoSTsV1lNb/9K7eH+wmS/V5T2M3IOeVXtcXzafFpm+X3WVrvs6tH5ZPYq6gfGHz4c2BpOxvJTIlGCSfkBX4VuwXiNRuPS0pJUKp2cnBwbG4P6dnV1wX6F4abW1be5uRnLRSIR9Hh5eVmYasjhcKAEmPNWRrSC2sViMWRRqVQKhQLyPDQ0BIuG7g4PD2PtSqUSQqjT6SwWi8vlWn+Iupi/shAEeGVlRTB/CjAhZItQgMnrIZnJBZMZbSBeck9c2QH7Ffp+ryhtJzngM+PPwMFwXmGrW873A0/ZQiWHTWWHLpDwxtN8E5iUBTDJVGEGo2AwCGsVxrWCgE1NTcFCW1pa1ke0wk8Yr9DT29nZCUEdHBwcHR2FJEN94b1Q0+fqrtDZC4OFHgtzJtlsNr1eD8uF+qLMx48fQ7Mh1VBuSLVGo0GtkP65JVcGaBy/34/2hACjwcH8/DwFmBDyXCjA5PUQSWXtkdSar4re/p1xRgb/7Ps9JbPw4WfGeuBgOCHN9wPXLTsHDP4ZR7h6noVe8cYMwUQ4xRtWUgYkEglYqFarFXpfoZ09PT3wWwgY7Be6CwEWHPjhw4dCf+/IyAh8FdZqt9thp/BY2Kwwg1Gx0KcD347FYtDstbW16elpOHZHRwdWBO/t6+ubnJwUpu11Op2oFZwcZv7c14YrCbShIMBoEKHNKcCEkK1AASavgVzuD188rfXHlzzV8vbvtC0/49Gjtfx7v6dl7PtlbBI4MC7N2hrX3KLC3Eglh1ClxrwruuqNeePpdJaPQZM9RK4AbArKCgW1WCwmk0mlUs0VJu+Ff7a1tcG4HhSAfcF7oaZCZ6wwzxCUFYmRBeoL6YWaFot+OjA3uDFUFk67PokRZFssFg8PD2OlcOChoSFhxCx4OLwXxVZJf+9GIMA+n48CTAh5USjA5FWDK3Umm3NEUvOuSPXMfjRiCrSoPNfn7Cek7PtlbB6FfmDzVaWtYdWFA6bkEKrgWHBHbZFkhG8Ck70ErBJ+5Xa719bWJBKJMIYzFLe5gPAB0gvpgnoB/NrZ2QlTXVxctNlsoVAoFovBZiGo8LFsYcKhYtFPR+hhxhqhuHBpFFtbW4ufHR0dKHllZcXhcKBYON56yVVrv0AQ4KWlJQowIeSFoACTV00qmwslM8ZgokrsV2YPiy3BNrU3P+ORnDMeMZ4TZ+WWq3P2VpUHDoyDp+RwqsiYc0V1gYQnnsbJoXiaIOSVA5uCW8I/zWazWq2GbUJlpVLp6OhoT09Pa2trY2MjLOvBgwcQLahvW1tbd3e3MPTU7OwsEiOL0Wh0uVzRaHSLagqP9fv9FosFaxQmMYJsj42NoViRSIQP+BUL4XgGgwF1g90Vc5LCLvN6vYIAY6dQgAkhW4QCTF410XTWFkmqfNUy/NWEJdSl891ZcJZ4DoPxtDgptdyczzvwhLUqJkZSuopzAsfT1fLuItkjwFGz2Sx8CSoVKcymCwuFdkKooLiC665PXISf+Iwl+NDc3AwrFnplkWsrjzcLCGsUVgrgb1BfKHRHR0ddXd3du3fv378P2YYAw+vg0jDkYk6ygRIBxt5ZWFhAi6FhiykIIWQzKMDk1ZErzP0bSGQ0/vhiFcz9K3eEJ615+7294DivYN8vY6txXGo+p7Demnd0aLxj5qDCUXpoVV7Mu6M4LQSTGb4JTF4NUNBkMgnDhPFKJBJhiGZhXKvOzs6WP8dzFh6sxee2trbe3l648czMzPLyslarNRqNNpvN5/PFYjGUViz36UB94cl+v99kMmGlMpkM/iwSibDGoaEhlDw9Pa1UKmHUKNxisQgl0+WegSDAaEwKMCHkhaAAk1cH7DeZybmiqWqwX0iLxBbqM/hrl12nOOoV48XjrNx6b9HZqfVN2ULV4MAr3pg7lorTgMkrAfbrdDohnO3t7bdu3Tp9+vSNGzfq6+sF3W1qaoIDt7a2wqyESYyEyXtVKpXH44GXFkt5JjBemBhWFI1GQ6EQ1NfhcKytrUml0v7+fmEMLawIq4B4w+LwLVJu5cFpIgABxu6gABNCXhQKMHl14M7Wn0gbg4l5V4UL8Iwzb7/9Bv+9JdeFGdtxaanbMBjPjRNSyzmF9d6SEwfSpLXyB4VedEcNgYSPBkxeCT6fb3R0tKGh4ebNmxcuXDhx4sTFixdhwg8ePGhuboadwlGFeYaMRqPVanW5XMgSDochtFvxK3gs9CwQCCD7/Pz82NgYCoRLg76+PvyqUCig0waDAYW73e5gMMiXV18UCjAhZHtQgMkrAre0uLO1hpNrvpjSVXrvW0kB+5XZw8KUv3n73SA2DMbW49Ks7cGqCw4sd4RnKrofeM4VWfHEbPCLqh7XlrwinE4nLPfevXuPCkCfYMLXr1/v6uoSi8VTU1OwVr1e7/V6YbxbecIZaeBj0WjU7/ejcIvFotPplpaWpFLpyMhId3c3SgaDg4MSiWR5edlmsyExshTzkxcHred2uyG9FGBCyAtBASaviGwuF07m3/6t+O5fhSMssQYbV92XZ218+JnxknGy0A+Mw2nSGqrsQaGVBQfWBRKRVP5N4OKJg5DdAeLU19c3MDAAy3U4HFDWjo4OOPDi4mIwGAyHw7BTqBQUa4v/j0mlUpFIxGg0zs7ODg8Pw67hY1BruJlIJJqZmYEPY6XQYxQei8WQHs7Mf/a8DBRgQsj2oACTVwEu8bF01hVNrXhiJXe9lRfj5mCX1ntz3gH75cPPjJeP41LLjXlHuzo/IFbFDwq95ovhRBFNcThosrt4vV546ejoKAQYxgtlGhkZqa2t1Wq1W5RewXghYCaTSZjECOorkUhQzlABfJicnFQoFGtrazabDd6LtdB4dxBBgOfn5ynAhJAXggJMXgXZXM4XTxuCiWoY/qpb67s17+CUv4wdjDNy6++z9m6dT+EIV7YD4xSh9cdxuiieOwjZHfx+P+x0eHgYggo7hTLBXVtaWjQaTTwef+4zz/BYCK3Vap2Zmenv729oaLh3796dO3fgYD09PSjTaDRCj2FoKFno6aX67jipVMrlclGACSEvCgWYvArS2ZwtklzxxuYq+vnnKVtIZAo8WHGdV1hPSfnwM2PH4oTUAgeuX86/DIzDrOTAq6SYc0WWPFFHJMWeMrKrBINBuKsw9ZFer4cySaXStra25eVluPFGg8ISGK/D4YAhw7JkMhn8GdlFBVCIMImRMEMSkoVCIdhvMTPZHZ4UYNgvBZgQskUowGTXwV1sIpPTBxLKDTe7lRQzjsiIKdis8lybs5fYC4Px8nF82nxl1vZgxTViClT8rEimEO5hc3Dg4kmEkJ0mEolAVsVicX9/v0qlgjIpFAp4FCTWbrfDrHKFSYzwAUIVi8UCgYDJZMK3Q0ND8OS6urr6+vpHjx719fVBho1GIxLwnzavGOwdp9M5NzfX0dGxLsBbHLSMEFLNUIDJrpPM5AKJ/PBXJfe4lRRye3jCEmpXe68o7Wf48DNjd+KMzHJVaW/X5F8GljsqeUAsbSD/FHQiw7tYslvAaXU63dTUVGdn59LSEpQJHtXT0yOVSg0GgyC9LpcLbgy/HRsbGxwchOvClkUiEXIh8erqql6vFyYxChemRyoWTV4V6wIs9AA/evRocXGRAkwIeS4UYLLrhFMZeyS16q3Y4a9mnJFJa6hH57u36OSoV4xdjdMyCw6zTq1PYgtV8KxIa96YJZyMpPgcI9ktoLg2m00ul7e0tMCgoEwrKyvDw8PCHEUej8dsNs/OzkJ9u7u729vbW1tbocqw35mZGXhvIBCg8b52KMCEkO1BASa7ji+e1gUSS57KfPv3z1l/A9CSCworZ/1l7GqckJrPKaz3l5zDpoC0cmdFWvRENf54IEEBJrsF3Mnn88GdHj58CKeFMmm12omJCQiwVCpVKBRDQ0P19fWw36mpKSix0Wh0OBxerzcYDMZisXQ6Tct67WAnYqcolUoKMCHkhaAAk10kV5gAyRlNrXhjlTr9r9wRFl79vTRjPcnuX8bux/Fp8++zthaVR2QKVOqI0HOu6JIn5omlORQW2SUymUw0GoXZPnjwQC6XQ5nMZjO8Fw48WqCnpwdChV/1ej28N5FIUKv2GusC3NHRgZ1FASaEbBEKMNlFcOuazuYs4aTSVXqDWzExZQu1qT035+2nZRz2mfGK4ozccm0u/zJwBY+GNeeK2CKpeCbLobDIbiCMcaVWqxsaGgQBdjqdS0tL4+PjAwMDIpFocnJyZmbGarXCspCS/4rZg2DX2O12CjAh5EWhAJNdJJXNhZMZQzBRcmtbMSG1hUXGQM2S87zCeoLdv4xXFSeklrMKa92ya9QcnLZV5oPQSmcEpw5/Io3TSPGEQsiOAqfV6XSNjY3T09OxWMzr9eLXkZGR3t7eiYmJqakpiUQCAS6mJnsPQYBnZ2cpwISQF4ICTHaRWDrrjKbUFTr+84wzIjYHOzW+K7Oc94jxGuLanP1xYUTokiOzMgICrPLFbOFkPM17WbJb6PX6pqamyclJn88XDAZhU8PDw11dXQqFAgIME4YSF5OSvQcE2GazzczMdHZ2Yj8KAoyFFGBCyLOhAJNdJJTM6IOJZU8Fjv8M+1U4wl1a390F5znOe8R4HXFeYb214OjW+WT2cEWOCL3kieoCiUiK97JktzCZTI8fPxaLxfgQCAS8Xi8EGDalVCohwPhKpVIVk5K9RzKZtFqtFGBCyItCASa7RS73hzeezg9/5a7A4a/kjvCkNdSw4j6nsJ6U8u1fxmuIE9L8zMCNq26xJQQHLjlEKyDmXNFVXyyQyGRy+RH1CNlxLBZLb2/v6Ojo8vKy0AksCPDCwoJEIoFQraysFJOSvQcEGHtQoVB0dXU1NzdTgAkhW4QCTHaFbO6PZDbniKZgvxU5ApbYEuzS+m7NO2C/nPqI8VoCBx4c+PaC47HGiwOy5BCtgFDmO4Fjzmgqls7yRWCyG9jtdpFIBAGWyWROp1MQYNjU0tISBLi+vh4fiknJ3gMCLIzdTQEmhLwQFGCyK6SzuXAqYw4lcQtbclNb7lF4+DnSr/fXLLkuzthKnITBeMWBg/DeonPA4Jc7wpU3K9KCO2oKJgKJdIYGTHYBl8s1NTVVmPZo1Gq1QoBHRkZ6enrgvZOTk3V1dQsLC7ApDgG9NxEEWC6Xd3d3t7S0UIAJIVuEAkx2hUQm64qltIF45Qkw7FdqD7eovGflfPiZ8frjhNRyQWFtV3smrUGFo9IehJ53RTW+uDOCW1oaCNl5fD7f/Pz82NgYpNdoNIZCIbFY3N/fD4+amJior6+fm5ujUO1ZIMAmk0kmk1GACSEvBAWY7ArRdNYUSq54K3D4K4k11Kf331t0Hqf9MvZGnJJZ7i85e3S+KVuo5HAt91C6IsueqDmUSKRpwGTngfFqNBpIb1tbm06nC4fD09PTQ0ND8F4sbGxsnJ2dRRo4VTED2UskEgmj0fikAC8tLVGACSHPhQJMdh7cp4aSGZUvPu+qwOGvRMZA7ZLzEh9+ZuyZOC41n1fYapZc45U4JZLSGdH445FUJsvHUMlOE4vFbDabRCKB66rV6kgkMjMzMzo6qlAoxsfHYcX44HK54vF4MQPZS0CADQaDVCrt6elpbW2lABNCtggFmOwwuEVNZnOewvjPFTb8VeHh51C31ndFaT8tY/fvNuPolOmwJB+HJkvj16nSxIytxPFCJ/D1OUevzi+xhSrvTeA1b8wbS3NCYLLjJJNJv98vk8nq6+tVKhV8eHl5eXJyEkoMDe7r68NXUKxwOFzMQPYS6wLc29tLASaEbB0KMNlhMrlcOJW1RZKLFTf7kcweHjMHmtbctN9nx7FpM1QWAdcthsR05M/4ecJ4UGw4MG7YvyHw1XoyZFnPLpSGYktWxHgyLiisTWueYWOg8t4EXvbErOFkKJlhFzDZWTKZDCRqZmampqZmdXU1Ho/rdDq5XD42NjYyMgIHhlxBiSHJxQxkL4F9p9frBQFua2ujABNCtggFmOww6WzOG08bgomFihNgiTX0WOO9s5Cf+qjEPRjrAVM9LDH9MGH8fszwzaj+qxHdlyLd58O6T4a0Hxfio0HtBwOaTQNfCWk+HdIiyxciHbKjkO/GDHDmXyaNv06ZSlbHWI8zcsvNeUe7xlt5cwIvuqPaQBwnFgow2VlyuRwceG5u7v79+xDdWCxmtVrn5+eHhoZEItH09PTU1BR82OPxFDOQvQQEWKfTYTdRgAkhLwQFmOwwqWzOEUmqfLG5ynoBWOEIj5oDtYWpj05IS92jmkPo6RUeaf550viD2LhvzPDliA4e+/6A5h/96nf71H/vVb/RrfrbluONHhWyvNOn/ke/BoV8BB8W6b4d1aNwrOLQpBGrE3qG2S28HieklnMKa92ye8ISkldWJ/C8K7rijTmiKb4FTHaDhYWFmpoaeG84HIbrrq2t9fX1DQ8PK5XKycnJsbExh8NRTEr2EusCjP1FASaEbB0KMNlhkpmcOZRYckcr6QXgGWdkyhbq0/uuzdnZ/VsShyT5R5q/HdN/IdJDej/IS68G7gqDfatH/WaPCgGhLVHc5wayCHlRCIp6uzcv0u8VZPgLkfa7UT1WKrw2TAcW4njBgW/OO/r0/klrRQ0HrSw4sCWc5EjQZDeANT148EChULjd7mAwqNfru7q6hoaGVlZWxGIx5MpqtRaTkr0EBFir1U5NTWEftbe3U4AJIVuEAkx2EtydxtJZfSA+78rfs5bcxZZvKBzhYWP+7d8LCmuJdVRhQDjzr/IWOnv3j+efc/58OP9gM7wXpgplLVHZHYw3CjL8j371R4Oaz4a1X4/o9xWejkZlUCXIcElVqzAuz9oerrqHjIGSY7jcA+cTYzCRzOTowGTHWV1dbWpqmp6eNplM4XDYbDZ3dHQMDg6q1eqxsbHHjx9jeTEp2UvE43GNRiORSPr7+ynAhJCtQwEmO4kwApbaHy+5eS33kNnD7WrvzTn7maof/gr2e3TK9NOE8asR/YdD2rcL0vvWn928L/Sc8/YCq3iyc/idvrwMfz2i+7EwgFZJbaswzsitV5T2xxpvyTFcAaELxMPJTIojYZGdBqLb2dk5MTGxtrYWCoWsViukFwKs1+tHRkaam5sNBkMxKdlLQICx7wQBxi6jABNCtggFmOwk8UzWG0+v+WIld65lHXJHWGwJ1i+7ziusVfv8M7z31ynzL5OmA+J8l+9nw7r3B7Rv96nf6FGXCOorDsgwqvH+gObT4fxwWQfERlSymp+LPiG1wIEbVvJvAlfYaFhqX9wdS8U4GRLZaeC3Q0ND4+PjSqXS7/cLAowlggBDq/AhxxfQ9x4QYJVKNTk5OTAwsC7A6XSaAkwIeTYUYLJj4O4glMxYw8llT0UJsMQWGjT4b87bS0yjekKw38MS8/djhk+Gte/0a17Ge4Uu3M1jQ+IXinf6NB8P61DJQ4UhsqrWgRG3F5yV9ybwijdmLkyGVDzjELJDwHghUaOjoxKJxOPx2Gy2jo6OJwVYp9PBqejAe40nBRi7DHtqeXkZAsw9RQh5NhRgsmPgguOLpw2B/AhYJXeuZR1DBv/DFdflGVuJY1RJ5Oc0Ehu+LfT6fjiQH93qzV71317iRd+PBrUobWN8M6J/v19TkviF4s38E9GaDwa1nxWGjD4ozg8WXZ0afHnWVrdcaW8CL3miGn/cn0gXzziE7BAul0upVMJ1AT47HI6+vj58VqvV+Nna2grLisVi7Ffca0CA19bWJiYmKMCEkBeCAkx2DFxxXNGUyherpBmAZ5yRDo33mtJ+Rl5dw18dK0xudGjSeGDc8IVI98GAJv+W7wbn3BhCB+/bvWrY7Mdw0WHdl6K83H43ahDi+LTl2px9Y1xV2o9OmYU0344akAUZkR2FoCgUuMUKQM6h6O8PalHtA2Ljoclq7A0+LbNenrV36XwKRxjHcMlRXaYx74oue2KeGAWY7DB+v19wXXgv7BcOLBKJxsbGYFOjo6MwK3xAGphVMQPZG0CAV1dXxWLx4OAgBZgQsnUowGTHwBXHFkkueqJzlTIBksIRkdrDj9Y8Z+XV9fYvdPGwxHRw3PjFcF59X2giX2gq0n87qkeL3Zp3tKg8g0a/xJZ/FhcCg1j1xrSB+Cbhjy97Y0IaONukNdRv8CP7zXnHCanlm1H9P/rzEl6yuk0DBv5WYdokVP5Lke6g2IDNKdnGyg602Gm5Fa0nsVbOnMBKZ2TOFXVGUnwUlewskUjEarVCgCFRNpvN4/FIJJKJiYnZ2VkIcG9v79zcnN1uTyQSxQxkbxCLxdYFuLOzkwJMCNkiFGCyM+Byk87mzKEk7lArZgIk2O+YJVi77DpeTfZ7dMp8aNK0f9zwuUj3bt/znRMJ3ulTfzKk/WZE/4PY+OuU+bzCikbr1fnRgGp/3BlNRVMZSEvxWNkCOJbCqYwjkkR2FNKj99UsuS7M2GDmP4qN344aPhnK1+2t572KjLr9o1+NDdk3Zjg0aTw6VUUafEJqrl9xDRv904X/PlRMWMPJwmRIvMElOwbM1ufzwXVbW1stFksgEIDxThUYGxsTiUQKhUKn00G3ihnI3gB7RJirmQJMCHkhKMBkZ4CxxNJZQzBRcrda1jFhDXXrfbcWHCVqUdnx86Tp+zHDR0Pat/P2+/zBrt7tU382rDshtcBRBwx+pStiCSfdsVQgkYbExtPZVPaFdQWpM7kcMiI7CvEn0ijQFEosuKPDxkD9ivuUzPqlSP/eFt4ZhgP/vTc/VdI3I7qfJ4wlG1vBcVxqvr3geKzx4jAuObDLOnAYhFP5g6p4rBDy0mQyGajU+Ph4c3MzBDgcDqtUKplMJjwIPTk5CRNeWlrC8mIGsjdYF+ChoSEKMCFk61CAyc6QyGQDiYy2smYAFpkCD9fcV5TVMv7zEUl+gt9vRvUfF+z3GSNdCc8YfzoMpTRdnrU3rubHW4L6GoMJyOou9c6h3GAyYw4l593REVOwWeW5qrQflphQjec+of12r/rDATiw/kdxfrrgangl+HhhKKz6FdeoOVhyYJd16AIJbzyd4GzAZOeAL6VSqYmJCWHK31AoBA2enZ3t7e2FFSsUCigWfgaDwWIGsjeAAMN4sY8gwF1dXU1NTfg1k8lQgAkhz4YCTHaGaCorjIBVcrda1tGn99+Yd5xTVMvwV7DfL0Z07w1onvu671s96n/0a45OmVvU3iVPLPZnN282l++83T1QOG5ssKJMNpfM5HC8det8qMb7hTG6SipZEtgo1PnzYd2PE/nntEu2vSLjtMxyfc5eYWNBq3xxe4SzAZMdBtYkkUhaWlrUanUgEPB4PAsLC21tbVBffBgZGYEe+/3+YmqyN6AAE0K2BwWY7AyhfNdcYsVbIQIsDH/1WOM9P2M9JavwF4CPTZsPSfIv/X4h0r3Xr/l777Mee36nT71vzHBeYWta84xbgrARbzy92967KVijP5HWBeIT1uCjNc+FGduBceO7ffnBokvqvB7YNGwgHHjfeH5YrIrX4BNS86VZW6fWJ7GFcEiXHORlGjjJGIOJSIqzAZOdBNYkk8na29sXFxddLlc4HIZKNTY2QoBXV1eHh4dFIpHX6y2mJnsDCjAhZHtQgMnO4I+nNb54xcwALLOHxZZg46obClEiFRUWsN8jEtMBseGTIS3ktsQY10N4kxb2+O2o/sacY8wcdEdTqT3wGCpqgJsdRzQltoZuLzi/GzN8NKgV5kwq2QQh8lM0FYbsEoaGrvhnoc8prI/WPCJTUFYpY0EvuKNqXzyYpACTnQTWNDs7C4lSKBQWiyWRSKytrdXV1UGAtVrt4ODgwMCAx+MppiZ7Awjw0tLS2NiYIMDCO8AUYELIc6EAk53BE0sve/Jz2JTcrZZpSKyhHp3v3qLzeEULMPQPEvjdqF6w32f0nX4woPlu1ADDHDEHlj1RRyQVT2f3yDhEqEUsnXVGU8ve2JgleHfR+dOECRpcsgnrgc3Exn40mJf5Qj9wJQ8NfVpmQYN0ar3TtgoR4DlXBKcaX/65A97jkh0jm80uLi7CcqempjQaTTwehwDX1tZOTEzo9fr+/v7e3l63211MTfYGggCPj48PDw9TgAkhW4cCTF4WXGcgQtCPOXdUWSkzAI9bgo/W3FeV9uMbjKKSAvp3YNzw8ZD2GYNIvZ0fQll7SGKC/Sqc4VAyk3/ieU+SyuYiqeyMM/Jgxf3rlPmTofzgWCWbIwQ2FhoMB8bmH5o0VnA/8Emp5fdZW+OqW1JBY0EvuKPuWCpvwLzLJTsEBFilUo2OjsKmYMIwK/xaX18/OTkpCHB3d7fT6eQxt6egABNCtgcFmLwsuAtNZnLWcLJipv9FiEyBOwsVPvwVrG//ePHJ5zee3vf7+bDutMzarfMZgolAIr2XrQMVw41PMJkxhRKDxsDlWTscuGRz1gMO/Haf+sNBzb4xA2y5Uh34+J+dwGJLcGbDcV6mMe+O2iKpaDqL3V3c94S8HBBgg8EwNTUFlVIoFJFIRK1WNzY2SiQSnU4nCLDVak2lUpSrvcP6I9AikQg7iAJMCNkiFGDyssCIIqkslKPkJrVMA5Igs4d79f4rSnsFD38lzHj0uUj3tFGjhDGTvx8zQCP7DX6NP56/p/jnm4pQKIRbxtXV1fm5ufm5+VcZC/PziwsLZpMpEAjglrRYoT/BMQldHzEFUXlswtO2EQv/3quG4f9QmBuppIkqJuDA1+fsAwb/tK1COoHnXVFzKBncww8jkLIDZzebzTY7OzswMDA5ORkOh+G97e3tUGKVSoWFvb29er0eYgxVLuYhrxsI8OLiYokAYwdRgAkhz4YCTF6WZCbnT2T0wQoRYLkjPG4Otqm85xXWCn7++ccJ45cj+TGfn/bk81s96q9H9PeXXDJ7OJDIpDYzDa1W29LcfO3Kld9+PXb81caJY7+dPnGy83HHyvJKKBgqVuhPUFeokSeennGGa5acUNy3n/4s9D/61Z8Na3+aMJY0USXF5Vlbq9o7YqqQTuA5V0QfzA8/vulhScg2gDJ5PJ6VlRWI7ujoaDAYNJlMfX19EGAo1tDQUH9//9rams/nowDvHSjAhJDtQQEmL0sik3XH0lp/vOQmtUwDvjdo8DesuM/KK/P556NT5l8mTd+M6t8b2HzGozd7VO8PaH6btjSuuuFLjmhq44OmwUBgcWHhcXv76ZOnLl28eOvGzds3b925dRs/N427t2/fv3uv9n5NfW3ts6OuphYp796+87TS7tzKr+jm9RsQ7yuXLyPxnFLp9/nS6XSxcn+SzORc0RQc+OGq+9i0+WkzPL1VGN0atg8HrtQBsS7MWOtXXP0Gf8UIME442LnYxcWdTcjLAWUKhUJ6vb6npwe6CwG2Wq0wKwiwQqGAX4H5+XmbzbbxVENeF4IAj46OUoAJIS8EBZi8LLF01h5JqX0VIsDTtnCX1ntv0XmmQp9/PjRp+r4wV1CJB67Hu4W5jrp1Pms4mchs3tdhMBhq7t07evjI119+dfvWLfH4+OTEhGRSMjkxuWlMSabkMtnszAxk9dmhnJ1Fyump6UmwoRyEZBKlSUZHRro6O3/56aePP/yw+dEjtUoVj8eLlftn4oUBoh9rvN+MGN7v15RsrBBw/g8Gtd+M6g9V6IPQZ+XW2wsOHNgzFTEbMARY5YvbI089PgnZBslk0m63Q4D7+/sDgYDT6ZTJZBBgnIrGx8fFYjF+hSFvfOeCvC6i0ejCwgIFmBDyolCAycsSTWUtocSqN1Zyk1qmMWULtag81+cq8AXgY1P5YZ/3jRs+yg98tYkKvlF48vm41NKh9a35YpFUfiyR4m5+AtxerCwvn/jttwvnzg/09S8UekVw4/gMNGrNhHjicVv73Vu3792+c//uvc3i7r07dxoePJiYmFhbW7NYLMXMG3DY7VaLRa/TtTQ1nzl1+ub160ODg8FAoFi/fyaTzcXSWWxOj853bNr89mbvA+cHxCoMdr1vrDIHhT4ty48F3aryKCpCgJWuyIo3Zg4l42kKMNkxMpmMx+Pp6+uDAPt8PnyGTQnDYsGBp6fz/5VbXV2FJxczkNfNugCPjIz09PRQgAkhW4QCTF6WcDJjCCSWPRUiwJPWUP2y66LCdkJaaQJ8VGI6KM4PfPVWn/pvmw0K9Y8+zefDumaVxxJORlObqwVuLHCbqJyd3f/997eu3/B6vMnE828HcSspmZh8UFt3/OivJ349dur4iU3jxLHfrly6JJmcdDgcz+1mQTVmZ2Yb6h+cP3v2QX09VlH8YjNgSq5Y6uGq+5tR/T+e8uYzHPizYe2BcUPlPQh9Qmo+I7dg8+WOcAU8Ba10RhbdUUMwEaMAkx0lEAgMDAzAgd1ut9/vNxqNEODu7m7Y7+zsLCxrfn6eArx3gABjj1CACSEvCgWYvCyhZEbrjy+5oyU3qeUYcAOxJXh30XlKZqm8EbB+mTDCb/P617P5iFD7x433F11oB3hF5inDC+HGIp1OQ4B/PHDwzq3bXu+WBDgSiei02mnJVOfjjq6Oju7Ork0DXw0PDup1uq0MtYoEC/PzzY+aLpw796Cu7tkCnMnl4pnsvDvauObZP254q2eTeY/f7FG906/5QqQ7NGn6daq09co6cDDDgWuXXRJrCA785DFfpoFdqQ3EKcBkZwkGg8PDwxBgs9ns8/lwfoP6tra2ymSyhYUFuLFcLk8kEsXU5HUjCDDsFw5MASaEbB0KMHlZgomMyhdbqAgBltnDImPgxrzjeGV1/x6bzj/8vH/M8P6AZuMDwIh3+tSfDeuuKu0KR8QZfVbXK24sUqkUBPjnH368d/uO1+PB7SBuOHCziFtGrVarVqk2Bm5KFHLF+OhYb3dPb09PX2/v5tHTMzQ4ODszs7q6qtpQSD7UapPJhHXF43GsdHFhsaW55eL588/tAQa4IfLF0xAnbOZXIv2m40K/0aP+YFALQ4YDl7RhBcSdBafIFJiyVYIAK10RtT8e4TDQZEcJhUJjY2PCgM8ulysWi0F9GxsbZ2ZmVlZWoFgSieRpww2QV896DzDo7e2lABNCtggFmLws/kR62RNVbrhDLceYtIR6tD4IUok5lHv8OmU+MG6A4r7dt3nfL746r7DCjkLJzWc8WqdEgKGdEGCgUCiaHj26fu0adHRjXLpw4fLFS79fygc+PCN+v3T5ciHNxQsXSgpBoJyHDQ1ymcxusxV6gBeam5qxvGELAgzS2Zw3nh415+cH/nBg82HA3ulTfzKUfxC6pA0rIG7MO7p0PrElWHLYl2ms+WI4XHGrW9y7hLw04XAYijswMDA7O2u1WjOZDM5sDQ0NSqVSpVJ1dHSIxWIK8N5hfRokIAjwysoK7ZcQ8lwowGT74CIDV4JRLFbK888iY6B5zXNpxlZiDmUdx6bNRySmr0by8x69ueHh57d61FBBpOk3+HWB+HM71J4U4Lt/CnAkEmlvazv+229nTp2Cjl79/fdrV648GdevXrt148adW7fu3rmDXM+IO7fv3Lxx8/q169euXC0p5OL5C0cPHT53+syjh41Li4sQ4Pn5+YIAX2h48GArAgwSmZwxmBgw+LHJnw7pNj4IjQZ5ty8/K9LRqXzTlTRmWcfvs7bGVfewMVBy5JdprHpj/sJUwLzbJTsFTmUw3uHhYWiwXq/HSWZmZubhw4dzc3MQ4Pb29tHR0Wg0SsXaI2B/yeXygYGB9R5gCjAhZCtQgMn2wUUGd5/uWLoynn+ecUR6db6aJed5RUXNAPzrlOmXSePHQ9o3Nnvo950+9f5xQ92yyxpJbuV50k0FOBAI/H758meffPL7pUstTU0D/f1Dg4ODAzsZKLC1peXk8eOHf/4FP8dGR7cnwABbaQolmlWeIxLzpg+EIz4d1v08aYIDlzRmWQcO7NvzDhzkJUd+mcaKN+aOpeJpGjDZMZ6cV3ZtbQ0nmdnZ2cbGRggwfm1ra8PycDiM5cUM5LUSDAZHRkZaW1uxX/r6+ijAhJAtQgEm2wciEc9kHdFUZQiwwhF5rPFen3OckVeUAP88afxuTP/+gGbjyM/Qv8+GdbXLLqUrEk5tOudRKZsKcDAQuHHt2sH9+7s6Oubn5vQ6ndFg3PGYUyob6h9cunDhzMlTLyPAIJTMQJ+g/R8MaP6+2f8F0FzfjOrRdCWNWdZxWma5NGPr1HhLjvwyjWVPDCefKLuAyc4Rj8c1Go1EIoFNLSws4CQD9YVfKZVKmNXjx48hWm63Gye9YgbyOkD7+/1+lUo1OTmJndLT07O4uIjPDx48wAcKMCHkuVCAyfaBMEVSWWs4Oe+qDAEON615LszYTlbWDMD7xw2fDGvf2ezt33f71D+KjTJ7GBaxhd7fPJsLcDB49/bt48eOzSgUkOFd6h7xeb1jIyN192vOnzk7Pjr2MgKMG6R0Nie2BveNG+DAJc2CeLtP/eGg5sC4oZKegj4uNZ+SWVrVngqYCQmx5IlaI8lQ6mkDlhPywiSTSYvFolAoOjs7Z2ZmMpnM0tISPs/OzsKsurq6IMAmkykcDhczkFcIrj7YI7jiuFwu2G9/f39dXV1zc7NYLHY6nbgc1NTU4CcFmBDyXCjAZPtAIYKJjDmUqAABhhLI7eEHK678BEjSUnMo0zg2ZT46Zfp6VP9Ov+bNDf2cb/aoIHh3Fpwa/ws8Rvo0Ab5z+/axo0elU1Nejwf3KMXUOwpKHh4aun/37vmzZ8fHXkqAATZ4zRdrWHX/NGEqaRkEGuftXvVXI7qfJ41ow5KGLdM4XnDgR2vuKVtIUf6TIS26o6ZQwp+gAJMdI51O40yysLDQ3t4uk8lwKltbW4NoyeVyOPDAwMDY2BjUy+fzFTOQV4Vw6XE4HAqFYmhoCDtocHBwamoKOwgLo9Ho0tLS/fv3cVEoZiCEkKdDASbbJ5XN+eJpQzAxV/4CDB+YtoVqlpwlzlDWcURi+nHC+MmwLj/x7z8//wzBe6dPfWnGNmYOumPPmveohGcI8K9HjkgmJ90u13MFGIWkU+loJOpxuwNb7jHGuoYGBu7dvnPh7DnxSwsw8MTSc+7IFaUdTbFxeLA3ulUfD2m+H9MfllTUlEgPVlzj5qDUXvYCvOCO6gIJTzy9pWf3CdkCOHeFw2E4VWtrK+QKv+p0Okjv9PS0VCodHR2dmJjAaQfGVcxAdh9cL2KxmNfrNZvNSqWyq6sLewfIZDKr1YqvkACXg5WVlZqamoWFhWI2Qgh5OhRgsn2SmRzcSReIz7lK703LLqT20Lg5cG+xogQY9vuFSPde/+aP+H46pH2s8Toi+WGEint0C+yIAONmJf8G15qqv68Pd5ZbnFZkxwU4lc2Fkpk2tferEf0/Nmuld/vVnw1rf56oqDeBa5ZcQ8bAlC1U8idQdgEB1vjirujWXl4nZAvg/JZMJiG9LS0tEokEpzKLxQLRmpycFIvFWAIrBiaTqZiB7D644mCPoP3bCgwODgr/gwgEArj6CP8/xY5bW1urr69fXFwUchFCyDOgAJPtk8jkHNGU2l8JAiyxhYaM/tsLjhJbKN84Vnj79/0B7aaDPEGMT0gtUns4mcm90BOkLy/AyO73+ScnJh42PLx3965oWBSLxYrfPZMdF2ABqOCFGduXIn1JEyHe6lV9MJB/E/jXChoO+u6is1fvn7SWvQDPu6Jr3pgjwpeAyY4h9CXCbyHAExMTOLlBtOBUsC+RSKRQKCDDIyMjGo2mmIHsGslkEoprtVpXV1exL3p7e7u7u0dHR7E7XC5XMVEBpPT5fFNTU9euXZNKpfhVsGJCCHkaFGCyfRKZrCWcXPXGlOUvwBOWEKzg5nyFCDDsF8727ZjhrT51/vnnDWp3dMrcofXpA4kXVYeXF+BQKLS2unri2G8fvf/B1StXJRLJ6+oBFjAUpgX+ZXKTN4ER7/SpvxvVH5o0HasUB7694OjU+nDAl/wJlF3MufIDQVvDyTQFmOwoFoultbV1fHwcJyu32y08Bd3f37+wsDAzM9PT07OyslJMSnYNv98P9UWz379//9GjR8PDwwaDAdcaXHFKLjHwZFwLkOaXX37p6+tDRjhw8TtCCNkMCjDZPvF01hhMLHmiyg33pmUXY+ZgYQ4ke4ktlGnAfmF0X47o39xs7CtI3fV5x6ov5k+ki/tyy7yMACNjOByeEIuvXbl67MjRM6dOjxSGVE2nt1SNXRLgYDKz5otdnrV/MKB9a8M/C/7eq/5SpPtBbPy1UobCujHnaFF5xs3Bkj+BsgucduYL42BRgMnOYrPZOjo6RkdHHQ6H1+t1Op0Q4O7ubnivUqlsb2/ni6a7BM7q8Xjc5XJBfaenpwcKQH3lcrlWqw2FQk9eXJDS7XbjKoBdc/Xq1dOnT584cQIaLJVKZ2dnl5eXIczCFYodwoSQEijAZPvE0lmdP77gqgQBFpkCTWueK8oKEeAjEtNBseHTYe0b/6xzCNjvJ0PaNo03lX2xh58Fti3AyIjbF9yRXDh//i//59/Onz03MS72v8hgqrskwCCcyjSueb4bM7zbV/om8Fu9+ebaN6avmLGgcZA/XHWPmMpegIXQBxM4kos7kpCdwG639/b2ikQijUYDAQ6HwxBgKLFKpRJ6GuFXxaRk58ApPZlMCk7b1NR0v4BEInE6nSVPCSFlOp1GSqVSeevWre++++6NN9745ptvbt68iSx1dXU1NTWNjY0w56WlJZ/PF4vFkB65cBkCxVIIIVUMBZhsHwiw1h+vjEmAB43++hXX5VlbiS2UaRyaNH4zqvtwULNRgL8Q6c7KrRPWEKxhGzcCuHvYhgAjC9JMTEycOnny+LHfYL9jI6N2mw15iym2wO4JcDydFVtDvyvtnw7pSprrzR7V+wOar0Z0RyplLOhLM7b7S85hY6DkT6BMgwJMdhyXywX7BXNzc7CvaDQKAX78+DF8GOechoYGhUJRTEp2AkF9jUajXC4fGhrq6+uDu05PT6+srNjtdujr+jUFKXE1MZlMk5OT9fX1p06dOnLkyMmTJ+/du9ff3w/dXS0wMzODBOPj49iJAwMDKBDfwpatViv2Jh2YEEIBJtsnms5q8iNgVYIA9+v9dxedF2asJbZQpvHzhPGzYe27/Zu8/XtQbGxReVd9Wxp3aiMvKsBIj1+9Xu/C/MLtm7fe+Ot/nTtzdmJc7HQ4iym2zO4JMAwKR/Jjjfeb0dKhsN4oTAj86bD20GSFCPA5ufXWvGPQ4C/5EyjT0AcSyS3PYk3IVsDJRCKRjIyMQKIsFgsETBBgrVa7sLDw4MEDmUwmdCcWM5DtgqsDmtfv99tsNrR5W1vbw4cPu7q6cG53Op3rLSxcR+LxuM/ngydDj69cuXLgwIFPPvnk6NGjyALpRSFCeuwafNbr9VDo9vZ2pDxXQJg5CcvdbrfQsQ/rfvJqRQipHijAZPtEU1mVL14Bzz8jenS+6/P2c4pKEOBjU6YfxIYPBzR/7/0nlxPi6JR5whqyRbY5RgjuMF5IgPEZ38qk0uPHjh3+5dDlCxfHRsc8bnci/gJ9vwK7J8CZXM4bT09aQwfGjSXNhXizR/XhoPanCWNljAV9Wma5qrT16ytEgHWBRCwDFynuSkJeHuiTUqkcHx8fHBw0GAwwNHzu6OhQq9U450C3pFKp8FRtMQPZLoFAYGVlBc0L9e3u7h4ZGVleXoYMC1McCWmEiw52ikajwR65dOnS4cOH9+3bd/HixZaWFrlcbjKZQqEQ0jyZHqq8tLTU19d3/fr1mzdv1tbWPnr0COkbC2B1k5OTZrMZGizkIoRUFRRgsn0KAhwruR8t0+jU+i7N2k7LLSW2UHZxbNp8VGLaP6b/R5+65PnnN3ryQzqdU9iw10LJbf7b+4UEOH8X4vXKpqX379375quvz505MyGesFqtwrcvyu4JMOwpkckte2LHpszvbGg3xHv9mv3jhsMV8RT0San54oy1V+eb2fBXUI6hDcSj6SynAiY7SH6k+rU1CFJnZyekKx6P4zP0bHV1FWLc3Nw8NTUFv3qhNzjIOriIoOmguBBdOKpIJELbwkihwWhhNL6QLJ1OR6NRnNihqZBk7ALo6+XLlw8ePAgBvnDhAuQWe6fEYIVcLpcLX8lksuHh4Y6Ojv7+frFYjM+PHz/+/fffT548iexNTU0zMzMqlQr+jFU4HA6sOplMonrFsgghlQsFmGyfShLgNrX3jNxyQlr2Apwf/3nC+M2I/u0N4z/Dfj8a1N5ZcHrj6W0Lw9YFGCmxfGFh4bdfj33z5VfXrlwdHxsPBgLbnqBi9wQYZHP5+ZCuKu1fiHQbx4L+R7/mm1H9TxPGktYuxzg+bT4rt3ZpvXJHuAIcmAJMdhwYFKRoenoaxgUlwykOKiW8YgplglBJJBKLxRKJRIoZyIuAC4TT6cTZu7Ozs7GxEY08NTVltVqF0arW/38KHTUajWjq5uZmeO/PP//82WefHThw4Nq1a0NDQ9hBSB+Px9fTCyAXvoJUo2Qo7sjICArB1QHLhSmda2trz549e+nSpbq6uoGBASjxw4cPkRI6Dc32er0lBRJCKhIKMNkmuOEMp/Lzx5Tcj5ZdwAHkjkizygP7hRuU2ELZxdEp08Fxw+fDWujuRos7KDa2qr2R1PYv8FsUYCzE3Yl4fPz2rVuHfzl09vQZ2C9uGbf4z3XcWep1OrvNBluG6AoLd1WAgSOaalJ5DklMG/938E6f+rNh3YFxw7ENDV6OcUZueazxTNtCCke45M+h7AICHEll0xRgsnPg9OV2uxUKRUNDA6QXv87NzcGplEqlXC6HNcHK1tbW/H5/MQPZArguwFftdjs8c3p6enh4GM6JVpXJZHBU4XVcXCDS6XQgENDr9bOzs9BXAN2FzV68ePHbb789derU2NgYFFcY1blY9J//b0U52Eejo6O9BSYmJlQqFa4muDrodDrsRCzp6enp6urC2pEMRcF+IcPXr1+HDyOLWCzGfl+fQulJISeEVBIUYLJNcKXKT6DqLXsBVjgi07Zw46qnRBLKNI5ITN+O6j8a0LzV808Kh/h4UHtOYR0xBWLp7U+KuEUB9vt8qysrx48de+Ov/3XpwsUJ8QTuabZov8BqtT5ub58YF4eCQaxOWLjbAuyLp8cswcuz9n/0bzIZ0vsDGjRsZQjwaZmlReWZsATl5S/AGn88lMxwIGiyg0CuYE3wpZqamoWFBbgZnA1qJJVKYW7j4+MQYGiSy+UqZiBbAPbrdrsnJydra2vv3bvX3NyMtsUSnOHXVRYfotGoRqN5/Pjx/fv34aVQVqfTCR9GxitXrrS0tOBy86T6AlxZcNGB4kJuUfjNmzehzfgVOxEp8S00uL29HStFmdhxKBCXLew+XEGampog1b///jvWhZ/nz5/Hr7du3ers7MS3qB5SFldDCKkgKMBkmwgCvFr+AgwHmLKFH666SyShTOOwxPSVSPdev/rNDQL8pUhfv+Ked0WTme3bwhYF2GG3y6TS+3fvXTh3fnxsDEK7xSefw+HwlEQCoYXW9vX04A4m8+dIM7stwJFUds0Xa1h1fzBQKsBozHf61F+N6CpGgJvWPOPmoNxeCQIcSGRe5pAmpAScW3CWW1xchC9Bg3HugoDJ5XLIGDQMHyDA0GCbzVbMQJ4OGhMXCDgt2m14eHhgYGBwcHB6enp1dRV6CSsW/jGKn/DSpaUlNPLQ0BDSoIVnZmawF7BwdHQURgqJlclkTxppOp32er0ofGpqCrm6u7vHxsZmZ2dNJhOuCChQrVZjZ+EruDEKVCqVWq0WC1EZ/Iq1oErIgmLxFdwY+xc17Orqamtrg4SjQCRAbZeXl3EV48hnhFQMFGCyHXC9SudyuO+sDAGWWEOVJMCfDWvf7lO/sUGAvx8zDBgCllAy/RLdZVsUYKvFgs+4a4HNeresprgZwt3J5YsXv/vmm6OHDvd0daPw9X/277YAp7L5saD79P6PBrUlTfdGwYG/GNYdq5SBoB+tekZNQVn5C7A6L8DpZGb7DzUQshGc6FZWViDA8CKcheC6CwsLIpEIsgQlg2719fXBsoqpyWbgQoCmC4VCer0eCvro0aM7d+5AL6G+gUBASIPTOJQSycLh8NzcXEdHR01NTWNjI5zTYDBEIhGVSiW80AugqbBQpMfeQcZkMolyUBoc9d69ew8fPsRakEv4CmKMPQjFvX37dlNTE3TXaDQKbwij8AcPHtTV1bW2tmK3Yi3rWotrkMvlQk2gvtj7Fy9evHTpEkqADEulUovF4vP5otEoKvxkxzUhpOygAJPtAH+CLfgT6QoQYDjApDXUUCkCfGjS9OlQ/gXgjUMZHxQbsbHBROZlHhfdogDnx+F0Oh12O24mkKCY+ZkgF7Jfv3rtyKHDF86fF4+PW8xmLMQahQS7LcBoFrTNuCX42bBuY/852vOzYe2vU5UwEDQEuHHNM1IpAowTEXZccS8SskOsra3BkeRyOSzL7Xar1WrI28jICD5AgNvb23U6XTEp2QDO2zj5C523PQUmJyfRpDBYtOf6A0GQTxipQqEQ0qCFZ2dnkQyNPDMzA30V3uaFssKEUSCuLCgZ2aGyKBzq29nZiQTYI9Bdm83m9/vx1eLiovAVClwf6hlaOzY2JhSID0qlErYMoYX9rqssrjhwYCw0m80ajQZ6LJFIUI22tjZYNBweJowyUWFYPVaE9EJGQkh5QQEm2wFGkszkfPEKEWCxJfhgxVUiCWUaEOCPB7VvbhjHGP7284Rp2RNLvdyAuVsU4GLqLYNbItxt3Ll1e9933507c6anu3vjADO7LcACOB6+GdFvHEIM8emQ9qjEVAGdwBDghlX3sCkorQAB9sVxIqIAkx0HDtbY2AizstvtMCIYFMRpaGjIaDTCx/AVEhSTkj/ByR9XBJzP0WgQTjRXa2srpFEsFsMYBc/ERQTOGYvFvF6vVqtFC0N9Gxoa0LxSqRRSarFYlpeXYc4PHz6ExCIvlkB6kR1XH2gnLBq6K/Qqt7e3IwFWh8sQvsIH+DO+am5uxlcTExNQWaRHsePj46gMVFYkEuFyg0vM+n9XnwbqiSvL6urqyMgIMt6/f//evXs1NTXYIig0KomjwuFwCN3CqFsxGyFkz0MBJtsBV41EOguZWil/AZ62hUdMwbrlyhHgDwe1G7t/3+pRH5GY1f74S+nvrgmwTCo9e+r0kUOHT588OTkx4Xa7159JW+fVCLDCETkoNr63YRwsxCdD2sMS06/lL8CnZJb6FfeAITBd/gKs8sXcsfTLjOtGyKbodDrBoCBLMDp4TldX18DAAGwKnlZfX69SqYpJyZ/AA202m0wmg2qC7u5upVIJS4TrwngF4cSpG6YKH4aIIk1jYyNkEq2NhkVKiUSCdoa+9vf3C520MNV4PC7IM8qZnZ3t6+tD+0Obp6enUQ4S4DIkDGqFXNBm/FQoFCgNxaIy+BVrgWBDtrEEhaCeGy8xGxGud5FIBFmcTidquLi4iNpChmtra+/evVtXV9fS0gK1xsGwFaMmhOwRKMBkO+AkH09n3ZUiwCJjoHapEgT42LT55wnjxjGc4MPv9mmOT1t0gXhxF26XHRdgn8+Hu5a6mtrvv/n290uX+3p7HXZ78bt/5tUI8JwrcnTK/PGG14ARWIjmPVr+T0FDgOuWXf0GPw7+kj+Hsos1X8wVS0UpwGSngT5BnOA2OM/gNAW/gphhCQQPAgz/WV1dpfAANAJkMhwOo2VWVlYgmYODg48fPx4aGoKFOhwOXCOQBuCkDUs0Go1oUrFYXHjquQcaDKeF6MIhYbzIC23GT3x2u92CNkOAoaBIMzMzg12ABMiIz9hHgUAAZQpfCY9MQ4+xg5aWltbW1lAyqoGFQFBiqG+x3gWELmsUbrfbsTqYObYFayx+vQGsDsoNqR4ozCEMUYda4wNWLaxUo9FYLBZB2ot5CCF7Dwow2Q4U4L0ZcLMfNxPgN3tUHw5oz8lthuDLzuiAO4OdFWDcCZ049ttPB384eujwhFiMu5OnZX81ArzkiZ6TW78U6UvaEPHRoPYHsfGwhAK8h4ICTHYJ6NxYgenpaaiRIMDQHizHEgjw8vLys2WpSsCpOBKJQGshgbDB+/fvo5Ugn2gxXB1wPheaCMlw7YAiCiNdPXjwAKoMcYU563S60dHRR48eCXkXFxd9Pt96XvxEUfBh2KbQ4wqthanCMJEGKVEmvqqvr0cJuCjgKygofLipqQkLsTphIdJv3F+C/aLAkZERaK1Wq31yTKyNCFuBXLhU4cKHrcZWtLe337x58/Lly5cuXcKBAQPHJqDOPDYI2bNQgMl2wFk9lso6o6llT9kL8JQtNGgI1Cw5SyShHOOIxHRQbHh/gwC/1aP+QqS/qrSbQntIgAOBgEwqraupRVHXrlwVDQ/jrqX43Wa8GgFe9cbQUN+NGkraEPHhgPbAuOHQZCUIcM2Sq1fvx8Ff8udQdrHmjTmiqUiKAkx2GAiMQqGAmEGN7HY7zjD9/f1DQ0NmsxkC3NDQgPMP5O0ZslTZ4FoA0CzqwqxCaCi0z/DwMIQQS4THkoWUME+Hw7G6uop2E4lEvb29aFJ8hrgCmOr4+DikEV8hr0qlEl6BQeG4lCAjZHJiYgJijPLHxsbm5uawOwQrRpnIgpXiW3yF/YWdsrCwMDk5iYUQcmTEKpxOJ64XKFCojwBEF1ccJBaLxUJiVADpsS3IAieHWj/7HxyC+aOQ5eVliUSCQnp6euDbjx8/7urqwqGChfB2bBEq8Iz/7RJCXj0UYLIdsrk/IqmMPZKsAAGW2EJ9Bv+9ihDgwxLT/nHDxvdX/96r3jdmuLfotIa3NBnvM8DdwI4IMNJoNJqzp0/v+/bbX48cHRGJil88nVcjwGp//O6i8+C4saQNER8MaPaNG36pCAHGwdCl9VWAAK96YzgRhVO8syQ7DPxnZWUFXtfd3Q3p9Xq9ECQANYK8NTU1wdyETs5ihmoCFwLIYTKZhPt1dnbev3+/pqYGbYXGwQViPQ3AqR4nZ1hlW1vb5cuX0W5QVmgt1BGJ0Z43b96sq6uDFev1eiQWcuH0jsIhjcjY0NBw9+7dR48eQVZRFNYrfIvzP8q8c+cOvhIsF2XKZLL6+nrUB19BjwOBABIL9VlHqBXEFerb2Nh4/fp1bIIg8K2trcgrDL6FvR8Oh7EiJEYhABmLRWwGjgRUD8YL+71x48a5c+dOnjyJrUOZOFRsNpvgwFspihCy21CAyXaAAOOOszIEeNIa6tX74TwlklCO8cuk8bsx/T82CPDbveofJ4wNK27ssuIu3C64bL+8AMfj8SmJ5N6dO8eOHr125crkxMSz+34FsK5XIMC6QBwN9fOEqaQNEe8PaL4d1f88YSxp9rKLkzILDvhOrbcyBNgaToaTFGCyw4RCIaPROFYY8Qgf/H6/RCIZHx8XXnOF5MC1sBxWU8xQNcRiMZyxcfqFvkIawfT0NJrFarXiWoAzM9LgSgF7RDKFQjE8PNzd3Y3Es7OzSCZMcYSWREahkxZmi5ZEgwtaKLixVCpFI/f19Y2MjKAQjUbj9XohtBBd6C7KRPaBgQHsBdQE2omdgtIAvkL5KAG7DPr6pGqibrj62O125ELKx48fo3DkRWJhCC4UhWIvXbr02WefQWKRBpKMxKihMBzXM/7fgQsfCne73UiJGkLdkRf1x/EDsK6enh6hBxsrQuOs/6eAEPLqoQCT7SAIsK1SBLhb57tTEQL804Txm1HdP/pLp/CBAB+RmFtUHkf0Za+4Ly/A+Te+tNpb12/8sP/A+bNnBwcGtngH+WoE2BhMtKo9RyXmkjZEvNev+XpEj0Yuafayi4IAOyDAkvIX4JWCAIcowGSngea5XC44zKNHj/R6Pc5y8LfJyUnIlfC8K4wLOgdtK2aodHBix9ke22s2m+GEcNqampqOjg6hR1fo1QSCZMJUBYmF+z18+BDJ0G4QSOgrVBbiioUtLS2wX+RFU6+Xj3bWarVDQ0P3798/fvw4Gh/NDqvEdQdibLPZcNqHVeJbYdWQSYAPnZ2dqA+UFTsFaxfq/CSQYVQeoouaCINXoYTV1VWsFKtOp9NY9draGjT18OHD//Iv//LLL7/U1dWhAu3t7b29vdjpKpUKFUDhqAm2EbmwvcXSN4Bisb3Ly8vYFqzr1q1b165du3fvHkrDUaRWq1EUEuCC+NyiCCE7DgWYbId1AV4qfwGesIa68gLsKJGEsotj0+YfJ4wwtHf7SnuA3+lT49sOjdf1ugUY2ackU1cuXz5x7LffL16anppyOhzPSP8kr0aAzaFkp9b327SlpA0REOCvRnRo5JKWL7ugABPyXGBE8BxoT0NDA1wOn2FW09PTcDYIDIxLkGE4TDFDRYNTN87zBoMBmw/1hcWJRCKhX9Tr9ULhBH9Do0WjUdjd8PAw9BL2i1ZCu8GZYY9oPagv8sIJodBoVZy31/UPdqrX65Gxtrb24sWLZ86cOXv2bFNTE3IhO8xZoVD09/fDXbHqpaUlrAX6Ojo6CvXFusRiMZbY7XaUs7FzFeVDfVFCV1cXaoUKKJVKLEFiQd2xFSMjI7///vunn3568OBBfMCvqA90XXhPGKvGWrDtcGxUHsux60t6mJ8ExaIaaDTUXNh8rB01x9pxRMHVYcWoDA4wVBtSvbHOhJDdgwJMtgMFeA/GswUYRgeve70C7PP5VldWamtqfth/4OrvVwb7B1/IWl+ZAON4oACXS1CAyS6BMwx0TiqVQldgOxBg6BAcBv4DCcTJRzDhnTrz7E1wwkcjwBJtNtvy8jK2FwYID0QjLC4uQttggEJKJMOvFosFugtdhOUiGXQXySDJYHZ2tre3F7La09MD+USBuHYIecPhMFwUTQr7ffjw4Z07d+7evfvgwQMU8vjxY2QZGxtDa/f19eEzKoCdYjQa19bWZmZm8CvSQCxhmKgM9ppQpoBQf1TMZDLBWlEB+CdUFtvidruFyxm2TqvVogRYN9T3q6++unHjhlwuh7jiWoZKYhdjXfBwZISyCtuF+mDThGenBRN+9n9ysSJcAXEgCW2Ig6q+vh4/sY3YajQOVoGNwkpxPX2GVxNCdgQKMNkOfAR6b0bhEehN3gHO9wBPmdvVXudrFWDcrJw8fvzY0aPnzpyZnprCTQluTYrfbYFXI8CmUKJD40VzlbQhIv8I9Cgfgd5bQQEmuwdOdxAhKBnkCpLmcDjm5ubgYJAfmAw0D+oCYymmrkRwiha6vuFsjwpgq9EaON/GYjGh51ZICY3ECRmGWVNTAyOdmprS6/UulwuJkaWxsbGpqUkwT+hiNBrFdWRdVtVqNbLcvHnz0qVL0EtcKSDSWAWMES18/vz5Y8eOnTt3DoUvLS1BXJEeZba2tkIg4cZQxyd7oZ9EqD8qhpoLzzyjAigZFRCuPrh4Ifv169e/+OKLjz766OTJkygZNUcu1BAFCv8HQeE4AATDRwnj4+M4DFAgihUqjDKRRljppqCo9XLQAtgKtIxEIoEA37t37+rVq8JgYENDQ9hGbM6TbUsI2XEowGQ7VJgA9+j8lSHAP08av9tMgN/uVf88YWpcddsjr0eA/T7f7MxMQ339jwcP3rxxY0Qkstvtxe+2DNb1CgTYEEw0rXkOSzYfBOubyhkEiwJMyPOZnZ2F5CwWZqaFt0AFW1pa4Ehmsxnq1dPTs41TWVmQTCbh9lBNRWEuKAgw3Gx6ehpyCA9cP8nDJGG5Go0GySCrfX19SCaVSldXV9FWOEVPTEwMDg5iOT4I8ilkxHUEmofyJycn0YyQSTQskqGp0aSwRPycm5trbm6GAN++fRuiCM9EsfBDeCNkeGBgADtCq9Viv2y86MA2cWEyGAwymWxkZAQlCwNQrbslFBc2i027c+cOBPvQoUPXrl1D5bHVz1BZaD82ASsVXggXFYYBgwzDxvErqof2Qc2x6vX+7U1BBZAGR5FSqUTFsDnYwKamJvzEZwg22lPoYYYqC+9IE0J2EAow2Q4U4L0Zv0yavh/bc9MgIQtuhU6dOAH7PfHbb5MTE8L9R/HrLfNqBFjrj9ctu34Sbz4N0ndj+p8nKcB7KCjAZFfBSUaYxgZWAw+B6UHV4F0OhwNa9fjxY6vVWkxaWcByoY7Y9uvXrwtzF9lsNpy6ceJ98uyNZoGqPXr06NatWzBYfIYShwpjTUFQIa51dXUQYJgehPPJMz8UFyr78OHDb7/99vTp02hJtC2sFeXjmgJNhTBDfS9cuABBhQoivc/ngy7eu3cPZcI5kV7oRt70aoJqQFOx6suXLyMxTBhb9GRi2C+MHd777//+77/99hu0E/t0K9cmJEA5SAlQJXj+zZs333jjjcOHD9+/fx8bAhOGuELLn10UvhWKwlZjQ4SWRHY0+JkzZ9Am+AAfhmmjYsU8hJAdggJMtgPO6tFU1hlNVYAAS6yhAUPgfkUI8GGJ6cC44f0NAvxWj/orkf76nMMceqUCjEs7vpqSSOpqa387duz2zZuwX9t27xdfjQCv+WJoqO/HDCVtiPhwQLN/3HCoIuYBvr/k7NFVyDzAjkgywnmAye6wvLzc1dU1PT0NpYFT4acgwC6XCwIMP4RHFZNWBDhjm0ymubk5YZqioaEhiUSCRoD9wmCFNBA2fEYyCBsaAeqIn1KpFMlWV1cXFhbQXHBL5B0dHYW/QT6hr8iFvLh8YBWQRnwLXTx58iQE+NSpU+vd7Hq9Xi6Xo82h0xBvlIMSkB62jCpBaAHWBfuF0OJ6JFRpnWQyifLxLSy0ubn57Nmzn3zyCdaCAlEIskDOUXORSFRbW4v1fvbZZ3/729+OHTvW1ta2traGBKih8M4zHN7pdD6tIxeXOWwUhBz2+9NPP3300Uc3btxAbdEUY2NjqCoEfqowSPXGN5M3gg3B0QXRVRfmiELl0T7wdtQKCN3vaBZ8K3QIP7dAQsizoQCT7YCLTjyddcdSK96yF+BpW1hkDNQuuUokoRzj6JTpR7Hxg4FSAX6zR/3JkO7SjM0YfNZDWVvhhQQY12mtRnPl999/PPjDhXPnx0ZH1796Bri0Ixkouca/GgFe8kTPKaxfifQlbYj4aFB7UGw8LKkEAa5bdvUb/Dj4S/4cyi7WfDFXLBVN83aQ7AoqlWpgYAA+I3RCQs8gwHAbeAgkCpIGwyl3GxH6IXFixxkbGwj7gnnCDyFgMGGh51ZIKSTDCd9sNkOM6+rq6uvr0QiwU7grvBHmiVwNDQ3IjgQWi2X98V0UAhXEiRoW9/jx4wsXLhw+fPjnn3/+9ddfL126hKLQyDilwyEfPHgAcUUJMpkMK8LqsLynpwdLOjo6sEf8m428LdTN6/VqtVoUUlNTc+bMGdj1X//6188//xyfoZHYibBc7Dis9KuvvoL9fvrpp1988cXx48dh43BXSLLw3jIaQSwWCwNQY7uwFYLHoq2EiyBUGRsCb4f6ogQU2N/fj1ULQ0a3traiwKtXr8KB0YCC/G8RoXxsCLa6r6/v7t27aCso+u3bt9EI2AR74RHxeDyOKqFkoUrFzISQrUEBJtuBArw349iU6aeJTQT4jZ78+6unZVb9KxRg3Cvg+t306NH5s2dvXLsuk0oddsdzr9PIhdsFXPsddnvwn//B/2oEeN4d/W3a8umQrqQNER8PatG8RyjAeykowGRXMRgMEDOokVwux4kOv8JtYEeQECxsb2/X6XRQEZyOihnKEJzSoZSwvtHR0d7CQM1QOJxdsbE4FQuKhWTCyRkCiQZBGqQUksH64I0KhWJoaAjCNjAwAHHFQphkNBpdl2ecopEYCnfv3r2HDx+iBDTj7OwsHBtGiiXnzp07cuTIrVu3urq60NpwaZQAn0SxWIKSkdhoNGIvQPyEMp8Ey2HvsG6UDAHGh5mZmYmJCewjOCQKP3r06E8//YSfAOJ948YN4eXbxsbGa9euwZBPnToFFUfiixcvHjp06JdffoGiQ8WhsqjD6uqqoLJoLux06C60+eDBg1BfVB5bYS1MqiR0YqOJUCzEFRVAI7yQAAM0NS6sKMpisUCzsTmo1Z07d2D12DpUBi0GORd65rdRPiGEAky2A66GiXTWUykCPGIMwAdKJKFM45cJ44cbBbhb9XZhKmBtIP6S/yjeugDj55REUnPvXm1NzfDQMNIIJTwDXMWRbHFhYXpqen5uzma1vnoBxiHxy6TpwwFtSRsiPhnSHpo0Hp2qBAGuX3YNVIQAq3wxdywdowCT3QFWAxmDgcBkYIkmk0kwN3wQZqCFEOKsta55ZYRwMkflsY0wWNigMAjT4OAg5BMut65VEE78KoyJJWj/o0eP0CbYdhgpJA32CyFsbm7u7u7GZ/ufA4NhFciLdkMyCBsSQOSuX78ODV5aWhK6MXHqlkqltbW1EM6vv/4aeoyUEO9AIICKwbEFW8ZCCGHJPxpQPloeBghVhoIiGVbR0tICA0etUDhwu93YU3DRDz/88H//7//9l7/85d133/3uu+8ePHiAnYiKwWwh2JDeL7/8EmlQh3379sFswYEDB7755psffvgBYoytViqV2GSAFUGMP/74YyRAo6H1hPqgxVBt6DGOEJRZX1+PLKjDSx4eQp95Q0NDXV0dPqCRURn8xL6YnZ3VarXQYLQYdqWwrievm4SQTaEAk+2Ak2syk/PG0xUgwFJ7eMwcgA+USEKZBgzto0HNmz2l8vZGj+rQpGnNF8O1sbgXt4Vwz7QVAUZKq8W6vLRs/LMbQSjhaSA97rGWl5fPnT2Lonq6u7UazZO3O69GgOWO8L5xw8a5lBGfDmkPS0y/TpW2edkFBPjBinvIGMDBX/LnUHah8sU98XQ8QwEmuwL0CaoGJxSJRDiPQckGBgagNyqVanx8vK+vb2FhAWaIs2IxQ/mAOkMpZ2Zment7IbQQKuHdWpxLhU7FdY8S9BIb29jYiGRTU1MGg8FsNsP00AhwTvjY0NAQPBDqi8sBLgpCRqwCeSUSCQTy2LFjJ0+exLqgnWhV2C/cGIWgPWtqas6fP486TExMoEy0J9oZEgtHFf7dAMcT3s4Vil0HVwFUFd9CC1HCV199hRqiBOwpqCC+BVgLtgt++8UXX/z1r3+F4n7yySfvv//+r7/+ilyoM2oCW4ZMQnTxLYwXNo7lEF3sXGzvzZs3jxw58tNPPx0+fPj48ePYCqwIyeDqqDCqGim8HS1cwlBt1BkSjpYRnt9GHdZbcnvo9Xq0ktDri5aH7mI3CV3uWFdra2tHRwc+Y1fC59khTMhWoACT7YBzeSqb8yXSq+UvwDJ7WGwJNqxUjACbPhnSvtWT7/Ut8bcfxUalKxJN42Jc3I/bABfyrQswrsT4aiu3hkiDuxC5TF5fW/fLTz+fOnFiQizGZf7J+4bdFmCsCm0jsYa+GtG/1asuab2/9ag+HdYdnTIf29DmZRenZZaHq25RRQiw2h/HiShBASa7A85gECoIcH9/P04yDocDYgOjgxCKxWI4iWAd68pXFuDMjA2BRM3OzkKc4HjYOrlcDg/EeVhIg9N4LBaDqWLz4VoQMLgrHFgY7ArOiZ/wMbQM7Gt0dHRxcRGOun7yh4NBfVdXV9FK9fX1cMsDBw7AgVEItBBrhzeiBGgnLPfhw4dwUdgmssB+sUaUjCpBI9HUaN71Wq2DVcA2UQhMFWuHQsNR3333XWgwtgjbhUJg41BHbBesGKs+e/bslStXYK23b98+ffr0mTNn8CtWMTY2hv0I/d63bx/E+OOPP0YCFIuaYO9jS7EJdXV1v/zyy3/+539+8MEH33///aFDh2DF2PU4JLDJ2Fg0KVpP+DcBpBTbpVar8dWTl7BtgxZADScnJ9FEaGSsTpB2/Ir2wfZipUAwZOwIrNpkMqEx0US4tu5IHQipMCjAZDvgbJrO5QKJTAUIsNwRhvPAB0okoUwDAvzpkPbvveqNArx/3DBuCbqiqZfpBMaldIsCLCTe4j+/cTnHNR4q+9477+LniEjk9XhK/o292wKMZomksiJT8JOhDc8/96je6FV/JtJVQPcvAgL8aNU9agrKKkKA/RRgsmvE43HYGjQPlggbxHkGNgjrABASMDU1Bc1DsmKGcgAKKvTcwht7enqUSqXX68WZHKdcnFeFNPgVAimTyRoaGmCwSAyzwqkeTgW3RC4sR3bYo8Fg8Pv9ySfGOkY5kUgEjQPbPHfu3PHjx0+cOIEPEE7oLvIiF4wav166dAlL0KRIjxJwIcBaIMl3795Fg0NfUfKTtVoHS6Cm8EyIa21tbVNT09WrV2GwH3300XvvvYc1onoQY3z73XffffbZZ19//TV2IuwR9ccOxbWjra0Nyb744os333zzH//4x4cffgj1xQdYLhQXDgyZxB5HxQTTxsb+z//5P5Hg5MmTUGJ8tf5sM9LYbDZsEba3q6sLYuzz+bbyn98tIggwGg0NhZKFCyuaBS2GOqDRoLtwb5hwa2srWuPhw4ft7e04RIVH2Te2HiGEAky2Q1GAkxTgPReHJabPRbp3+9RvbHgK+psRfZvaq/LFU9lXJMBbQej7lU5P37h2/fix304cPz40OIjLOS7txRR/stsCHE9nTaEkmmjjC8BozL/3qr8U6Y5VjACvecbMFSLAgUQ6SQEmuwM0Aw42PDwMsXG5XPi8srIC6YVs4CeEBCYJ94hGo8UMexWcaYV3cVFb1BkWKowUhc2BEK7bGs7e2BacgWHFMC5II4DKIpfwVDDsDvon9DdKpVI4qtDNKGQXOkKRF7kgYzAxtBtWhKKQa2JiAnoG7YSsCtYKaZydnYVp48qCn1gLMqJucFes7smSBZAMNYRtouVRLFJiW+RyObQZlUGt6urqYNowWBgvTPXo0aNQYljr+++/jzUuLy9D9eGruF5goy5evPj555//x3/8x6FDh6DcqA9s/PLly2fPnkXea9euof79/f2oJET6/PnzKPP69etYIyqAaqAysVgMrbdQGKkLa0fl8RkbUlLtl8RgMGBj0SaCABeX/gkuhbiGohrQXVwT0Q5oaqQXnBm/YuHq6ir2KfKW139qCNk9KMBkO1CA92wckZi+GtG/37/Ja8CfDetuzjun7eGXeWFyxwU4Eg6bjMYb1679f//v/z514sToyAjuMovf/TO7LcDBZGbGGbmz6Hxvw0TKaMx3+9Vfj+gq4PlnBAS4ac0zbgnKKcCEPBOc8SB1IyMjnZ2dcAyhtw1S0dHRITxuKjx3iuXFDHsPbILgSMJ4wnfu3IElYnPwK87e692DQjJsLPwN24s0t2/fRjKtVgtzxmkfG4tf7927B0uEPaIdSvKm02mYIfwQaX755RdkR+PgfC58i3VBaGtqat56662vvvoKngndDQQC+AoIb+o2NOBc/gC5sEYsFApfB+VgFVC4qampS5cuofzHjx+bzWakxFcCbrcbPozy//t//+8wW3ivMLTV3//+d1guCsdWoHBUBh/QFPv27XvvvfdQDrZauJZBI9vb248cOfLxxx+/+eabyA7+9re/IWV9fT20fL0yWC+2DquD6v/+++8QVKvVuj7t0w4CAYZao/yZmRlUvrj0KaBiuBqintjXjY2N9+/fR5s3Nzcj+9raGr7CBTrf4uwWJtUNBZhsk2zuj3Aqs+YrewGeceQdGD5wXGop8YRyjKNTpn1jhsJrwKVvsX4woP11ytyj80dT27/y4eK6UwKMCzBuZebn5q7+fgXqixgaHHzGDcRuC7A7lu7T+0/LrBtHwPp7r/qjQc33Y/rKEOAzckub2iuxhhSO0j+HsgutP44TUfolHmog5NngjAR5gPEajUYIm9frhYfAKGQy2erq6kBhlmCoXTH1HgPnWFR4aWkJlewrzFE0MTGBM6derxde2cUpXUgJs8LmwGx7e3v7+/uxyUqlEh6lUqmwvZBSoS8UWw2Pgi7CqIW8OBXjs64wMxAMFvYLgUQ5WKmlMA+w4N5isbilpQUyBnFFTRYWFnDSRvVwQYHgYXVYL5idnUUuXFbWKyaAlHBd1Bzl3L1798CBA/v37z969GhbWxuKwjZic5xOJ+oJtf6+QG1trbB3BG+HM586derixYvXrl3Dr2fPnoUnv/vuu++88w6qhG1EfSKRCMoRXkKG037yySd//etfIc8///wzZBLts94Bi5T4FYULA4AhO6qHhVB0IcEOIgyChSZC4zxXgAHaCvVEM6LZl5eXUTc0GloGFj02NoZNQ4vhYEayYgZCqg8KMNk+8ChV+QuwEK1q7ymZ5UT5O/CvU6YfJ4xfinRwthKLe6dP/aVIX7fs8ie27ws7KMC4UcBd4+jIyLdff3Ph3Dl8gP0Wv9uMXRVgtIc1nKxZch0YN27adF+IdD+IDZUhwGfl1g6NT2oPz1SAAAfi0XT2ZV5rJ+TZwBPgDxBgiB9EC0Y3Nzf34MEDuVyu1WrhbMPDW5rm7VWCE7XwSq3NZoMCQTjhb5B2CBtOs/C09WQ4n0ejUVgftg6ChDT19fUjIyNQX/gkpA4ajG28f/8+NBL2izPtk2oquBYkGfb722+/HTx48Pjx47A1NAi+wtUBJWs0GiyB+sI5BV9FFhSCczhWjbXAlmGkXYXpf9cNU0BIhjbHhkil0p6enqamJqgpjPTrr7+GwZ48eRLWja8gh1A72O+HH364b9++69evY8OxpciOvYbPSPbTTz9Bd//2t799+umnn3/++ccFvvjiC1QMcq5QKKCF2ECXy2UymdBisOi//OUvb7755rlz59A4qAM2B3VGwyKB0FyoD5oIW/pCjz69EMJhBnfFJQ8VKC7dAmg94Rl+mLCkMEMyaov9+/DhQ0j7S140CSlrKMBk+1SSAD/W+C4obHDgElUou4ChHZaYvhszwNlKLC7/HG+f5vdZuyWc2PZT0MIN044IMJLhTkKr0fT39SnkCtxzPK3vVwDr2j0Bzub+gEqdkVs/HNBufHr8H/2a70b1v0waS1q7HOOE1HxeYe3W+Sqg+xdBASa7DURuamqqu7sb3mu32yGWOPPU1dXNzMwYDAYoGURoTwkwzo04S1ssFjgPxKm1tRW2A7vT6XRutxun2fVeSiQTRoSCIcPwBQXFRsF7oUwwLmx1e3s7fHhxcRFyCDtdH51BUFNBbqGvJ06c2L9/PwQYRgrLhT9DEVEUvkVb3b17F+VDFIVedBQinP+xFiyHmIlEIqF/db18ASHZ0tLS8PAwKoMqQbYB6oNaQeROnTqFlcJ4f/zxRxg4bPaNN96A3J4/fx5WjO1FCSgTKxWLxVeuXPmgAD48fvwY4o3dV1tbe/r0abjxL7/8cuHCBSji7du3ofGHDx+GZgsTIKFAlH/16lWh7xoZsdPRthMTE8JIXWgKNEix0jsNthe1Rf3RRC/6rIFwyYax4xIJgZfJZNhAbAu2C15dTERI9UEBJtunIMBx5YZb0nKMLq3vqtJ+Vm4tsYVyjF+nzAfExvc2ew0YcUJqmXdHfPFtPqa1gwKMOwahf8BmtQa38F/t3RNg2G8klVW6Ij9PmDY22hv5p8c1B8WGIxJTSVOXY5ySWS7P2vr0/pI/gTINXSAeowCT3QSnKdhjf38/hApGB3uEAsGaBAGGlcHxoEC75z9bB+deqI4wkxBUB0ILt4SnCeqODVlPhs9erxfyJowmBctFMgiz8HgztBbLsWnwLmwd/BPeta6mwsM7sCkkRl7hbeHrBWDCjwpATeGKEO/6+nosbGlpQXMJTwgLFxGc+WG/4+PjDQ0NKASfS/o2BW2DMMPJmwsDVqMmy8vL8GHUH4VgM6enp8+cOfPhhx/+9a9//eSTTyDhv/76KzwW4goPRx0gzKgkNgc/UQdo7VdffXX06FH4NvZdPB7HVkDL4YQQ6S+//PKzzz6DTh84cABGfe7cOVQehoyMMGRI4zfffINk9+/fxya3trYKsxajnsUa7xrwXtQQ1o39td57/6JgY91uN47hBw8eYFuOHTtGASbVDAWYbJ9oOqv2x+dc0ZJb0nKMXr3v9oLjvKISBBjx44Tx4yHt2xs6gRG/TJoGDH5DcJuzVu6gAAOUhsSpQm9AcdHT2T0BTmdztnBy2BjYN2YomT4Kv77Zo/54UPvLpLEynn8+p7DemHfgGCj5EyjTgADH0/nOl+K+JGSngfjBeKFMYrEYHoUTIIQQFiH0qQoCDLVY71Z9jUByVCrVyMhIY2MjtG1wcHBlZQViCWlEtdcVPRaLuVyuqakppIElwvGgWA6HA1oLw4TqQ7fgnBA8lCY89S04p5AdydAOyHXx4sVbt26hELQPdBSgEPgzBPiDDz6AQ8JOodAwTCwXnkZGIfiJSwbWiFUAKJnwPmrJVUAwZNTk0KFDELbff/8dWVAToRDg9/txCbhw4QKc9uuvv75x4wZWtLi4CNPG3oHgQWj3799/6dKlK1euoKrvv//+//k//weloUrwXly5UBSaBY2DbUTGu3fvIj1cGv7c1taGwnFZwVrwLdKjWbAcsv3WW29hu/Cr2WxGtVGTYo13DeF4g+2jGlhjcekLgrzj4+M4MK5du4af2LnYtOJ3hFQfFGCyfSDAWn98viIEGD5Qs+S8OGMrsYUyjZ8njV+IdBtHM0Z8N2q4u+hUurb5X2Rc7HdQgF+I3RPgZCa34I4+WHF/KdKXNNcbPap3+jSfi3SHK6L7F3FhxooDYMgYKPkTKNPQBxLJDP2X7CI448HEIAxwYJgefBhWCTGTy+Xww97eXnimxWKBR70CF9oUSJHP5zMYDHNzc6Ojo3AzOLlEIoExQt6Kif4crcpkMmErsDnCQ7xID5PXaDTYFiyHI8Fsh4aGoFvrD/cK2XFixzYKXbLQfrQArAzrgnZiLfB/KCuyQGjv378Pk4SydnZ2oswn/zuAquJcjXoODw/jW7FYjKZDrYRv0YBCOVqtdnZ2FpWpr68/efLkwYMHIa5wdSyBDaL98RPbePv27W+//fa7776Du2J7UVvIOX6ifBjsiRMnIMZQcVTm7Nmz33///ccffyy4dEdhEG+sBdKO9GgoNMWpU6c++eSTf/u3fzt+/Di+hbQLtUKd8RlZPv30U5TwzTff3Lx5E2tHuyGj8GA5jor1htpx0Ia1tbVY3cZHxLcC9hp2OvZ4XV0dmgUtj32EQxrLiykIqT4owGT7xNJZnT++4IpWwFPQ8IGGFffl2QoR4MOTpu9HDR8Nakv6MxEfD2qPSMwjphcYSONJKlKAcSSLjIGzcisap6S53uxRfzCo/XpUXxnPPyNwkNcuO0WmShHgYOJl5rUm5LlAyeAPsD7IHiQEZzzhnUyZTLa8vAwRgi5CJ+BRr0uA4Z+oCXwSQtjQ0DAyMmK329c7S4U0gltiQ1BhWOXVq1fxAdXG2RtahXNpV1fXlStXHj16BMm0Fea5fTI7gHqhWOjx9evXz58/D5WC+wmGjGSwKVg0voWvXrp0qbEwZjKyoJwnC8GJGu6KbyHJUFzBjdcToCiUg1q1tLTA1lAZ4Q1hqCzM829/+9uXX34J+YTu3rhx4/PPP/+Xf/mX//W//te+ffugiJFIBOUIoByXywXTO3bs2P/4H/8D4orSsNJ79+5Bif/rv/7rr3/9K0wYaxEGtcZyiDTKh/3+x3/8B+qP9kSzCLVC88KHsclY3Q8//CD0mQNsAkA7KJVKNOM21HSLYOtqamrwEyq+jcsr7B2HLo4N7BpoMArB/hW6r4spCKk+KMBk+0AbDIHEorsSBHjUHGxVe67O2UtsoUzjaGEs6M+HdRsF+J0+9WfDOti+I5LaxnxIuLfYVIDv3r7926+/Sqenca+wSwKMkkXDwzV3750/c3Z85wQ4ns5awsnaZde3o4aNEyC91av+dFi7f9yAJi1p5DKNa3P2R2tuHPAlfwLlGHOuiDH4EmOaE7IFcEJzOp3QDzjP1NQUtEFfmJZGWhh5WCQSQTjxLTQDp8dint0HJ0AoLox0bm5OLBYLL9ziA36F5UIj18/D+IDTI6wSFofaIqXQ67uysoKFM4U5cgSNhx0tLi5CjUr6BpEdy+Gi165du3jxIvwTm6xSqXDmRx2QGA6JMuGTUFYIIRQa9guBfLJBkAy1RaOhHKwO5olf0ZhCGvxEaQaDYXJyEt+ifKSEhUKqtVotav748ePff//94MGD7777LjQYZgudgxh///33Bw4cgJ0K/cOoCXYWHBs767fffoPlIllrayuWoErYCmwmTBgbguX4FmnOnTt39OjRX3/99erVq5cvX8bn48ePo0Akg0KjTWDgp06dQnrkgkkKvb6oFS5AEolE6Ejv7u7GUYGm3tljAAXiCot9BAFGazz5z4KtgObFbsJWIHtzczPa1mKx4AqOdsbykr1MSFVBASbbB+ZgCiaWPZUgwGJLsFvvuzHvKLGFMo1jU+YjEtM3I/pNx8FCnFfY5PawM/rCo3fg6vu0HuBjR49OT025XW4swXV6x8FtzdDg4P07d8+dOTM+umMC7I6lZpyRk1LL33vUG/9f8Hav+qsR3U8Thl8rRYBvzTsea7w44Ev+BMoulK7IgjtqDiUpwGRXwakmUJglSHhkF1IBi4AXQYYhZpAuLITOGY1GpCzm2U2Ek3A4HIZAQo2ER5Ghf3Bal8uF0+96MuhTMpnE+RnuBE+rra1FMjgwvBfiCmOHEMJXsRzuKpfLkXK9G3M9eyQSQTLoE+TzrbfegjTCDIWXUQFaBhsu9B7DJPEV/ND/zy+XollQYWTBKuCi8GdYeigUwlkdaxG+hYzBdVE3WO7169dhv0gvJABIgNrCsaGp/+2//be//OUvR44cQVEwOmwRJPbtt98WBsHChmC/YCE8Fsm+/vpruDRqKPRFC/VBnVEB2Oy//du//eu//ut//ud/7t+//969e7igAPg5BPjvf//7559//tNPP50+ffrnn3/+93//dxS4UHicGxVGlVAOfqJWqENdXR2yoM6o584eA6g2GhMlYxU4AotLtwbyono9PT23bt1Ck+JAFfwcR8jS0hKOHOzuYlJCqg8KMNk+iUzWFk6ueWO4Ey25Ny27mLSGBgz+WwsVIsAIOPD3Y/kuzbd6NhkKa/+48da8c9nzrGmHNkW4FykRYNxPXLt6df/337e1ts7OzOi0OsNOYzQYlLPKupra82fPnjp+YmxkFPcZOyLAkKi6Zff+ccMbG/5Z8GZPfgKkfWP5558rYwQsxJ1FR7fOhwO+5E+g7GLOFV3xxmwRCjDZXXDSgy7iLPT48WM4GD47nU6lUgnzwa8SiQTGBQeGVe6s/GwKVgHt1Gq1WG9fXx/0BtIImdHpdDgH4qt1zUM9YWs4SQ4MDHR3d/f39yMZKmm1WldWViDwwnJsApajQGR/0t+gT0J2CGFDQ8P9+/drampg2tBOrBRWKfwLACUI88p2FmYJ1uv1uBwgr1CIABQa5UPAkGx4eBj2hZKxLjQsFBffQn1RjUePHl24cAHa+dVXX924cWNsbAz+BjFGSmTv7e2F/QrjXd25cwftD63FjsCG4zOKRZYvv/zym2++OXDgAMR13759sOJPP/30zJkz7e3tcHjvn69DC480X7x4EfaLLFBu4SF2XwGTyYQNaWtrg/D/13/9F1aHNP/3//5fFIhthwPDG1EltLPQ9Y3Cm5ub8ROVROtho4S17AhoHGwmmrqpqQmtVFy6BVCT5eXlrq4u7DXknZ2dRWMKl+/8s1QiEXYi9kIxNSHVBwWYbJ9kJueKpjT5gaBL703LLqZtoRFTAG5QYgtlHQfFho8HtRsnBEZ8MKDdN24QmQKRVOaF/GFTAcYNwe1bt77/9ttrV662NDX39/UPDQwODQw8LwaHBgtRunyzGBxsb207e+r08V+PXTp/QTI5iQv8SwpwJpfDMTxoCByaNG18+xfxdq/6o0Htj2LDsUrp/kXcX3IOGP1TtrIX4HlXVOWLO6Mp7MfiHiVkFxA8zWazQYBhDnASaBJ8CVoCq5TL5QqFAgYFr1u3x90AJ95wOOxyuSCZWDW8FD6G9cJznjQZ1AHnZL/fD3GCGcJyIZawU2TBEmTHhkDwkBfAKpEdJ09soJAdGwu1E/p1sV0wqGvXrt27dw+CJy2MnIT0UFP48K1bt/Dz5s2bME8kw9k4tGGKWhSFOqPC8FtUuLGxEQKJ6mE56gldx6rhjagbHBKlQUr379//7bffwnXv3r0LrYWco2FR//Pnz7///vsffvjh8ePHUW2oL3YECkGFUY7dbkcJMN633nrrvffeO3To0Llz53777Td8+OGHH4TnmSG9BoMBlYENwm/xLfwWqgyBR0NBC1EO6iboOgz/l19+QYIfCzMGoUpIieohI9oB3oui0BooE80oWD1KQGWKW75D4EibKwxs1t3djT1SXPo80OZmsxmKi13T0NCA5sWuQVthL+MAENoTuwyfixkIqT4owGT7pLI5bzytDyQqYCYkuSM8aQ3CDUpsoazjl0njt6O6DwY2GQv6rR71+wOa2mXXijcWSr7AK7ubCjDuGB63t/927NiRw4ePHj5y4thvJ347/ow4WYhTx0+cOnny1IkT+FySoCTy6Y8fP3b014P79iN9c1MTbsJwOX9JAY6ms45ICo2Apvh7b+m/Cd4oTP/79YgezVjSsGUd9cuuUXNAai97AV5wR7X+uDtGASa7Ds57MC4oHIQTchgMBmFcYrEYS+BOUBTIBj7gpFTMsAvAr4RXWJuammAvWLvQ64vTL87JQhpUACdkq9UK54HkCFPsIhd0CAshn/A6ZMdXcKrV1VWYs5B93dwEZYXjQZuhT3V1dXB+KBM2HxuOr1AN+DP08siRIydOnEALwAbRGsIjzUIh60SjUay0v79fePQa1RBMTLBW/IoVtbS0QGhhksK7tTBewdxQ/ueffy706H7//ffffffdvn37vvrqK8GBIaJIHyvMz4StGB8fv3TpEgQY5gwThrqjKCQQXP3kyZPIjq9Q7TNnzuADikLJ4Isvvvj6668h+Wgo1AcbsrKyUltb++mnn8KcUSZKxv5F5Wtqao4ePXrw4EFUBgWihg8ePEBVsQmQarTM+l7YQVAf7DKsfWpqyvHnqNTPBfsLO+7evXvQfux9v9+PXZMsPAwvkUgg/IODg0iDOhczEFJ9UIDJ9klnc4FExhRKVMBMSDOOMJQAbnBSajm+wRnKNI5ITD9NGD4f1sHuNr4M/GaP+rdpS4fWawknty4QJQKMOw/cbyUTifm5OdyTPWxoqKupra/dStTV19U9qMv/zH8u/XZj5JPV3q/pxB1n4WmulxdgWyQptgRPy6wlLYOA/aJ90HQ/iA0VM/4zAsf2w1W3xBqUO8IlfwJlF4vuqCGQ8MVxHqIAk10H57ru7m6YA04+EAkAyWwtPBMLx4AHyuVyyFgx9Q6BsxwcDyc3od8S9gtXhHRBh7Ra7ZODGOHMDLcUHm+GTArJBgYG4JPIq9FoUElIL5ZjKyYnJ9VqNYS2mLnAen8s/BYnc8gzVBn2BZNESpTv8/lQFGwQQgv9u3XrFhJg8wULLZZSAIkFL0VlUGf4NtoNOgoNw3JcMlwuF87eUF9YJVYEyTSZTPAxbC+EHLVFBaCp//qv/wqn/fbbb0+fPn3nzh04+d27d48VgMfiV/gtmh2bCbPdv3//Rx99hAKF0blQ1P+PvffsbiNJEzX/1n7Zs1/2zt27M3f27mxPT890d3VXl1XJlLyXKEtJpLyhRFKWVhRFK9F77733DiRBAIT3AMl9gIBQLMqUSp7k+5w4PCAyzBuRSSAfRmYkyodA0h08EGdGnn/88Udlwjdu3FAVxsTEoLWY/O3bt5FqQqJrJ0+e3LJlS1xcHLqoppqph4bIT06cGScnAPY+lSurD/X8Q8OwqAvvX95fL8Owk2doaIi9fOfOHbpDeOw1hkL9W4QuFBUV0Ud2Ivv6Yxi7IKwXRICFd8e/vGzzBlbQ3RiPAm7T2p4M6q+0zkY1a9ZowzpN54J3Ah+ontjymhnObaVjdLbP4AisjBHaq78BGVcJ8H0lwLyJA3OWwBkMpwJvD9/WFrM59MvbQSu0yFnU+wtwl85+vW1uX+XaZ/+S/l4QuP75QNVEZOPGufsX+2V3ZwwbsN927drjf90ljluN1WNx++UWYOETwCcM4ofIoYgmk4mPQTQSA+zr6+vv78eF0M4PLsC0gnq1tbXRUEpKCgKGw/Cpq+YbV39s83mIN5aXl5MNeIEIKXNTl7yqla7CRkdxioQKB0FKsWVcEZlMS0tD7+fm5pBblRNwXWq4efMmcsVQILd8ICOZL397kJlP6ebmZuohZvyNylVOfqJkDB16+e233x48eBB9xatxY0qpsgwvn+2I6J/+9KejR4+mpqbSBZyWXms0GqrFctFdhHbnzp3Hjh3bu3fvv//7v//tb387dOgQOwiTVzuC5pRvo5G0iNb++c9/xn6fPXs2NTXFtw8VMmhI/q1bt/bt24f0kuFf/uVfEGkMmaFWVRGSqof8tbW1sbGx169fZzzHx8fJEI78Y0ATdJ9GiZahC737KlRn2SmM2927dxl2DktiJjYKLi4usuvZcQUFBRwY7AIyv7zjBGHzIAIsvDt8fDp9S/N2b7d+YwiwPWvEcLtz7lLLBhFglY7XTe2pnPi++BUXQgccr3oyb9w4acEp3+ornK9MzofWCHBo29vBGQOlWltai4KTFKUlJTXV1RPj47/3+5jv9XcWYFfguPXQ8QNVkz++amS+Kwo8/ehY7eSawVzX6WKL5lrbbM7oYvtLB/96TP0GJzvR7hUBFj4FOAMiV1ZW1tvbi87xeYVRZGRkoBnAC37FhT6IVFAP5jkzM9MVfMQRUocl8oJfkVJ8JmxcfPziNjg5tobIqUcctQSfbQuE2tjYiAxTA+93dnZSp5IiVZwXfCDTHQwThz916hQeiE8mJyeTWfktHR8eHq6pqcnNzUVo+clr9V+AlzvLsBD55OQk7SLJeXl5TU1N+C2NOoKPQaIhOsImmjh+/LiaSuU1A4tg43sEj65jcdjs//f//X+ElJ+fT9iqfqJF4OkLHr59+3Z8lUouXrx47tw5/JbaEFfcjy7z7aDVatWF3zk5OZcuXfrxxx///ve/qzWo7cGHBlMhfRwZGaE5XPqHIFSLWlPV/fv3KyoqGEbGR/0rgaoYyadPn7I71PioqD4GjCSNMlwpKSmMITuCd0LbXoJN7CZ1zzYdZMTY9RwY7F+GHf+vq6vj2GArXWDHvdmlBWEzIAIsvDucd3r8SwsOb8+GEOB2rT1vzPigR3u1dXaNOazrdKZh+ljd1E+vWuSJ9FPJ2I32ucpps9nte5sTt/cXYEy1u6sLa92xddvP27bv37P3xPHjmDCnTZz2hTK9Be8swHTT4PI1zdvudM6/cols0tbS0SM1E6caNtTdv1daZ2M75/PHjGuO/HWaBhadOqdXroAWPg1msxmpw4gwNI1Gg3KgJZmZmdgvloIU4Rir1fTd4AOWGjAf5K26uhr5efToEc45MDCAz6wWTpUT7WFTQUHBnTt3UlNTET8KEobNZkPzKJ6QkPD48eOOjg4+IfnoDhUOQg3k5H1yUnb37t3/2//2v/33//7fv/76axpVpkT9GCBufPbs2Vu3bvECuX2d5/MmH+MIqppTzc7ORsmogfcZLgSSoWPE4uLiMDFCZdCioqL++te//uMf/8A5Hzx4wPtXrlzZtWsXZov9/q//9b9oF1tG4QieSoDWEXKcliJ//OMfr127VlhYiP8T24kTJ7777rt///d/P3jwIPra3NyMbFMtFf6f/+f/+T//5//csmULY6VmtqmKAWQECJjMdH///v3nz59PTEw8c+bMX/7yl2+++YZ60GlGDwMneDbxK/aLV4f6/NHgi5U46QK7r729PfTuq6AXdIfdxMDevHnz+fPnjA/vq/3L8cCBiuEzYlNTUx9V2gVhHSECLLw7fAH6l5cNTt8GEeAFe+mUKW1QjxCuMYd1nSIbZ07VT+8sH/+26BV3An9TOLK3cgIVZAT0Tu9vqgTfqe8swJTlq7qhvv72rZiYm7fu3733LCc3NTk58syZu/Hx5WVlmhf/5n8bqOodBJgj1uz209nYrvmD1a9+9NE/Ckd2V4xjvxvm2b8q3WyfS+7XlU6awsf8uk4I8KLTJ1dAC58GzAERQkpramomJibQJ6Tr2bNnvb29uCL2hWu959wan5DUMDg42NDQgNQhWlVVVTRKc2hk+JOWbGoiFHElQ35+PjKJKaHiY2Nj+DDaiaiXlpaWlZWhbegQH9QU4TNT1QC8xuKonLK0RWZ8FQ/EP9XKyadPn0aoUGiUj020QhPUzzisricM4aG4hERtQLV9waWzHA5H4JKf1lbeVIty8T4WrdFoRkdHUTu6ib1jsyjo3r17kViclpxJSUkxMTGXLl1CStFp3mGEGRnyo3OHDx++fv06Ck1n1erW4+PjREgrycnJlDp58mRkZCT+zIvo6Giqop6IiAjepDY6xRDxDYJy0zoZqI2y1IZJUg/9ffjw4eXLlymurDg3N5dRUjJst9tD3f5oMM6dnZ3sXxodGRkJvfsSHG8cG3V1dfSIIWJwGFU1OW+z2RiZyspKlJif6pL1Nf8EEYRNiwiw8F5w6ml0+/oMjs6XTk/XXUKAazSW3LHFmM4NJcAkHPhA9eTW0rGX7wRW6UDVJObfo3egE2+eUHsfAV7yB/7d/iQtbfvWrQ/vP+AkQ6vVdnZ0xty6dTEq+uqlK7wOZX0L3kGAUSW71z+46MwYNuypmHjl9C9DtKVk9GD1xJox3AAptnM+e8RQNWNZc+Sv08R+NLl9MgEsfBpwHgwT08AxUEo+f/ATlIlPIV6oC4Pn5ubeQY3UhyoFMRlqRngyMzMxT+QH80FjQvmCOfm8tVgs2COqidg8efIkIyOjqakJ1eQzkABQRIJJTU0tKipCNdd8MBI2H8LUyftIKTnTgo/wRePxOj7P+VhG9nbs2PGHP/zhhx9+wBjRYEQaZX3d5CFROZ1OPsyRQwaE4lgu6rW4uEinaIghwmavXr2KfFIVekYvKAUEYzabCWP79u1//OMfaZQ8yCcdBFUQ1922bdvOnTuRc9w1KipKhffo0SOEnNHwr7p9hiAZtNjY2J9++unPf/7zd999h1EzRIODg0RFkaNHj9LWvn37qAdVPnLkyF/+8pczZ84QA2OoKmGUiJDdSgba+vbbbxFpdbk7nVJ5Pip0h3FjrNiJ7OhwYKshSF/wsUY9PT2M0u3bt8nPgKipcpfLxS5obGzkCKFrE8F1qsOjJAiCCLDwvpjd/iGjc2PcBtw0Zy2dNMV2za8xh/WezjXNnAg8Emniu+LRr16a8yT9UDx6uGbyyaB+zuZxeN90CR/foO8swF6P12qxJicm7di6raSomDMJvqQ5Y+PE8W5c/JGDhxrrG0JZ34J3EGCnb2nK4n48qD9RN/V98ejfXhoHEu/vrZyIqNtQFz+rdK9HWzJpqp9d9w9AUmnY6LR5OPEN7VxB+KjgeFgEqvns2TPEks8fdAinam9vV9ObtbW16Ac6Fyrw1qAxfAyiW8XFxbgoVWGhtIX2IC3hG0P47EVssJr6+vq8vLycnJzKykpK8c74+PjAwADCjOpgj3yiDgUfTYQcrpmRxkgRXeqnOB1BtlFfWidsOsiHOaJbXV2NrB46dEgtdIw6qonccCRroAlax76ys7NLSkoYHPWPABpC3hgiHPvatWt4LCYZHR1N8PSOUnQHy8XxkN5///d/37Jly7lz52idyAkGiIreMbz3798nnm+++YY8CC1S+p//+Z9IKS3StHJgFQxfSewR5Bb1xZljYmLa2tpoBTGmF/QOXaTv1IYG79q16+9//zsCHB8fj72HDV8NNUFWVFSg3Liluu355fH8GNA6Qz07O0ucHAwMJkMR2rYKvj35DuUYIPinT58S4fT0NMPOkUmc9JQ9kp6ezmE5OjpK1163+wRhcyICLLwvVo9/1OTq3SDrYNmqZ8z3e7Qb6WFIKkU2BlbD2lY29k3RyMvixztfF4xcaNJUTJsnLe7ArNprvOK9BNjrtVltqckpO3f8nP88TzOjMRmN42PjpSWl8bFxJ45FNDc1hbK+Bb9LgOkNqkTXSqdMZxtnsNyXrwb/W/Di5+1lY8dqpzbSo49U4nhO6Fuo1Vha5tf9A5BIXTo7Hztv/meNIHxA+KDTarXIVWbwKTJ8/uAVdXV1KHFDQwOmhJciV3wkhgr8FggJYsMHF66C4+GiSniwU9SR+sOfwuRU/oboNjY2IpC4K7ZMGFgZmXFO/Af1pQZeDA8PU/PqD3F0jnd0Oh2b1PXVKBOCxEcokklbqglcC6unI4gl1orNopevUz6K4GDUOTIygobRdEFBARqJtCNgSCyv6RRvqtowySNHjpw+fRoZJn7GDTVl6/Xr19HR77//fv/+/Si3uuKXYcTlaELdhJyYmEhZ7JecyPDNmzdPnjyJACPqyvEogioDwaemph4/fpzMe/fujYuLY5SUkNMRdiKB0S82kWHfvn24NODJjF5LSwvjyR4B9nVvby+DyVixlxn88DcdA+twOAiMvvM+8IIiDCB5GEyV7Z2hBpPJxMhnZWVxXDGea+pkbzLy6C678smTJ7GxscTJYcCbjBj5OTKrqqqeP3/OoUKPiPb9oxKEDYYIsPC+2Dz+CbO7z+Bcc4a6TlPdrDWpX3e1beM8DEmlc00zpxqm91dNbC0de9n9SDjwjrLxU/Uz5dNmu3cJBw7t4F/zPgKsTrNysrP37d5z7fKVzKcZ7a1thQUFJ49HXDh3/uH9BwP9A6GsbwG1vb0A0xuXf6l40hTZNIPivnIEvi4c+al0jCHCfjfMo49Uwn6jmzUpAzrsdwMsAd0ZfAgwHztOn5zVCZ8IPrtwRT5zcDk0mM8fDARxxY7QD1QENYW3Xx4JJdNoNAgbLgqIFh6LnuFRa5yTd5BAXCgpKUlJEYajJA3lzs3NpXhGRgbmTEiIGSK0Wnj40OYdAkNT1cXV5eXlGCPmhhphU3SNYAYHB/FSqiKPmjWlqjUivRqKIJZqpS7sFwuliKpwYmICySQwBAyjJk6+KXiTasl86tQp/HP79u0///zznj17cNqLFy8+ePDg2LFjP/74I1J648YNhpT8uBwjnJCQgP1S5NGjRwwXjY6Pj6v3IyIi0NcDBw7Ex8czOIAYf/fdd2TmTWrbvXv3pUuX1JyzUlZE98KFC+rSaPpLPOg07k1mft65c4cmQE1o0wVEFB3lWy88DgwX40xf1A26wAsOAPYR9b/9F+LroK3h4WEGlkOCI419F9rwAt5hEIiQjiDA5GGEOWbY6RwqHBsM/t27dzkyySb2KwivRARYeF+QpWmre3Bxgwhww6w1fchwu3MeYVhjEes9RTZOR9RN7Q08Emnk68K1+kf6BgMsGbvTqa2ftc4HHy/z8onPLwJ89BjKyknY7/q+pzhlkxMTb924ef3qtcRHCfGxsadPnkx4+Ki1pUX3qjudXgdf6pz8ZWZk3rh2LTUl5XUCTBew3zm7p3neFtM5v71snG6u6Tjp64KRH4IXPx+vmzrXuHbo1nviYL7eNvt0SN+2/h//S0KA+w1OPnZcIsDCp4IPHGwQHXr8+DH2xa8IJMqK/OCT6FBTUxMvJicnQwVeBR+A6JPFYpmamurq6kLz0Cc8B3vs7e1VH6dh0eI1zobsYTi4K1YDWC4xIDk4knKwgoIC2lXzxkSIf6riCtrifT4q0SEaKioqolFUTWk2wSwuLoabeP78OVrV0tKCOCmhCtXya5SAETCSVlxcTAAUwajRMKpCBbFotRxxd3c3nVL2SHcwSepHd7HNv/zlLwjnlStX0tLSiL+jowPbjI2NjY6OjoqKunXrVnJyMgFTDxK7c+fOc+fO4aUYppr/JGz2Aq5OBoyaqvBnyqK7ag0tNmHF1I8lqtqysrIyMjJo/fTp09evX8d+GUZ6QbVoMDnPnDlz/vx59Fs1zYAwLMRPi8TPaDAmdJzBpAgxk4ERYN+xFyoqKhhYjgG6PDY2xlBg7+Fd+fZQBGVtbGxk9NinHCfso9C24NxvWHHT09MTEhIYbX1whTMGmaNlcHBQHVHsF8JgzF+3EwVhkyMCLLwvTt/SnN07bHStOUldp6lpzpo7uni/R7vBngYcTsfrJneUj31X/OrVsP6WP7yzfDy6RYMpYRcvTwPz9awEOOLosUcPHpiMxjWTFb8Jp2gajSYt9fGJ4xH7du85GRFxLz4e+1UnGaFMbwHf6329fdmZWYh0SnKy4TVXHtIF39Jy45z1Uqtmd8XEK+/75c1vgw/+PRGw34128TPpcosmrnM+d2Rxgwiwzj606Jy1etwiwMKnQikQ7pGamorv8Rq3nJiYwOiwSqSIN/Py8sgQKvAqKIXeYIlII5Z19+5diiMq6jrk1R+AvMbx+vv7s7OzHz58iKGhOspa+QilLSTz/v37aF5nZye69brPTyJE1ZKSkqiEttBmZCncFlVhgPn5+bgiQoVxzc7O/uZHMcaF7JH/9u3bVM7nObJnt9vpe05OzuHDh3fs2IGyooUvdwrtJ5Kff/75hx9+SExMJHg1aQx0jZoR9Tt37nz77bdfffXVli1b/u3f/u2//bf/Rm1kpqFwbbygCPFPT08zCH/+85//+te/njhxgr7Mz88TDNUiq5jqvXv3jhw5wlbyYN3fffcdkszAMpiEBxgmYzIzM8N+RKHJo25FpjmaCLdIeBRBdxl2jgEaQo8ZT0YY6WVAEGy6BsSDCVPh6r6/JbTIwcDhkZaWxnFCYKsrQWgnJyeR28jISOx3ZGRELfjMJjWHTxcYPWxcHSqqlCAILyMCLLwvLv+SzukbNW0QAW6etxVNmJL7dZc31tOAw+l0w/TRmsmfy8e+KXzFU5FI3xWNIop3OrVlU+Ypi9vh/dVEMN+1nC4gwEcPHY69fYeTD059QtveDr7g+aoe6B+oqa4uKy3lZ3dXFydwoc1vDfU0NzU9evDw6pUrTx4/fnkGGPX1+JfpAh253Tm/u3Lih+LRNZ0l/a1g+JuiYQbkSM3kxrv1V6VrbbOJfQuF48b2DSHAXTr7iNGltXs9fhFg4dPBpx9O8uTJk8bGRj7EgA8urBJdGRgYwB7VasOh3L8G0VpYWMC78FiksaSkBGXq6OjAZxCesKuQjdcoHE6Fa5GNzDghvw4NDdE6Asn7NApYFs3pdDpkTxVXeL1eJedqUprwcFFsjXfwJZpQk7FUiB/SBEKlpqCVOoZqeQlsky4QSXjaubW1lfgRdapiTHgHXX/w4AECibJevHgRiyMGxBivxnVRxAsXLvz0008IcFRUFEUwXj7JVf0ML98mxHn37t2//e1v33///fnz58kGp0+fPnv2LGqH9tM6FdJloqXOlJSUQ4cO/Y//8T9wZtSU4sRJnaD+10BU6OL/8//8P+g0leCu7Cmj0bh6ZpUx4RuEQUCzCZ440dfwVxvjqYaLqjBMhouOEwN7n3oYanpBfjKwQ9lZ+CejWllZyb7u6elh2NnFNLdaZV+HGuHC4EOw1P811PuUVRO86rJtxpkYiIqjhTwcA319fcTGfiEAWiRmOqXKCoLwMiLAwvuCYxjdvgmLe81J6jpNrVpb1bQlY8hwtW1jCjDpXOP0oerJLSWjr7wYmIQY/1QyFtkYWBNLXWjqX/XNzddqT3f3ieMRN65da21pmQmuPAmOT5iAU4rCgoKrly/fvH79WW4uJweh+IIEbvr1LS04vBXTltMNM9vKxtb0MZz+UTi8pWTkcM3k2caNdutvON1sn3s6ZCifMm+AG4BJCPC42aV3IsC/fUIpCB8QfA/LxTFwHvwKAyktLc3LyxseHkarMBM0MpQ1CJ+WmA/CabVacVdyJicnp6enY57T09OrFQXDQVr4ZKNmLI5WqI2cONXc3BzF1QpPmZmZGCaegya9/M9HKsSIiGpsbAxRfPjwIbqOsBE277MVWeIFTRAwlpWQkEBDVIvErhbCNVDK5XIhnHSBAJKSkugIPaUqbBP7QvlUtNSJ8eK9ERERCCcSe+PGjZycHIJ59OjRjuDji/7pn/5p9+7dNI0xYo/UQD20ThNURTBxcXEUPHr0KCLKUDMamO2BAwe+/vrrrVu3otDPnz/HP9lEo3v27KHO/+v/+r+oMzc3Fw9UdTLm/GToEMWrV6/+27/9GxZNQd4J9eoFatAwT4Qch8zPzw//F4OdQmCMJ8OFkcbGxtJBFbbKsAYyM7bEQDYGgT1FF6qrq9kdVMIBQ0MM5itNmDeJpL+/n7EtKytjv7PT1SY1/kTFfmc8qXZkZIRDhSJs4jBgXxA5o4Gi883Im6qgIAivQwRYeF+8S8tWj39qowhwuzZwFXTemBFniGpeKxIbJp2sn8KBt5aOfl0YmAJd44R/C94P/HP5ODkRp/5Fx6Lrl3MjvnQ5dUtPe3L92rXIM2fu3737PDc37/nz/Ly8fH6+ZSJzOK3Z9BspryAvLzc758njtHNnI48ePpyZkTHQ38+5Tii+oP1yTA4bnQR/oVmzPbj29Zo+BlIBfR/ZWjZ2sHqSAdl4t/6G053O+YLxjfMApG6dgw8ck9vHh09olwvCJ4GPvmfPntXW1qKU+AmygatgLEgR4peYmNjT07Nab7AUirS1tWGhSBG2jM6hQ+iWEphQvhePWcKikRxyYjIoEJrHm0gRAsmbNKSmapFho9GIMIcKB1EuNDAwgHFheuRHEZGx2dlZ3keuaA7RxZzx1ezsbIJB+VA7gnnDzaKUQn3RSAwQw6ysrFQT11SLTNJr/JZBaGlpoSqNRoMBjo+P02ViuHPnzq5du7777js09dSpU8jb7du3Y2JicFH8NjIyErOlLD2iKoJB4Y4cOaIWtWIEaIXYDAYDNTc0NFDhvXv3zpw5c/z4cYqT88SJEzdv3uRNnPka30eRkVeuXKFOOkiQjAOuTjaao10inwneJh3qWBA1aIyJunUW/VYTtmorvspQs1PoOFvpLF3DfteMfBjGEFPFdRkHYu7s7KwJriMN1E/l7B26Q55QgVWof3+QJzk5mdFjGMOt8JoIcWl6iuiyT9WUMpu0Wi2tcMwQIYcWO4WYVx9XgiC8EhFg4X3xLy07fUsaq2fNSer6Te1aW+mUKa5rfqPeBkxC9s40TO+rGv+xBAd+7Tzwt0UjJ+unM4YNDAu+4X5xxSnfvt1dXanJKQf27Tt7+vSNa9du3bgRc/PmLdKNG2+TyBxOaza9OZH/9s1b169cjT5/4VTEiYvR0Zx4rf6fN0ESap/BkTO6eLw2+LzfV13pTaLj3xWP7q2aONUwHblB7Vet/3yvW1s5bWndENc/kxBgjc1j8wZmUtROF4RPA4KBgWBWSKm6/BXXUnOGGBq6pQQYOUG0sE1cF6/DT9LS0nBgFCW8qJKqkBd4DjlxXeSHnE+fPkWWEB7UC71BrXk/MzMTZcUVyYY+rZniozmHw6ELPpFIyS35UWV1HS9NIEW8CF8oqzLgtJjtK2UMcDmsmI9W8hA22o+AYeDUQFT0gq7RZZTs5MmTGRkZSCzipwJT8dAFhPbrr7/+53/+5++//1494oiqyJmamnr27Fm1BPSlS5cYN6KiKsz2P/7jPxDmx48fY7CIX9hX1SQtIxAREfHNN9/8r//1v7Zs2RIVFYWWExJiiWRGR0ezlTqvXr2KEuPbxEY2lFvVpqpSECp18iYjTOsMO5WzH3mTrQwaOorH0kd6zVb2wuvc9ZWwW61WKxqMA1MDA46jsnc4QhB7qqJr4cMAOJYYUoaIvvNC/cOCYNgFXV1dDP7Dhw8ZKKIlBraGN1G5+scEdb7uvxiCIKxBBFh4X/j85st83u7pfOk8df2mqhlzSr/uVsfcBnsa8OqEA0fUTe2rmvi+BEV8rQP/GFwbOa5bWxdcGlrtdM5v+GoPnGyVl+dkZaUkJSV/2pSSlJyWkkrr6jSUeMJnElqHt0Vru9utPVg9SfCvvM9ZpR+KR/cEl33Gfjfqxc9RzTPX22aT+3V1GuvGuP6Z1KN3LDi8bv+yTAALnxjcrypIc3MzPsbHIHqDPiF1CBJeh4whIcjM+Pg4tpOTk4Mckh9vmZubU5OHq7WHX/kEKy8vxxWRTGwZa8VUkRmcDalDnJ4/DywIjPryJmKp1ChUPggihDKhQLSFjeNsaopYqTJQIRFi13iUWr2JjhDMGyZ+2YTtI8kUQZiJhBqoh1K8T2dp6/bt2/v27fvb3/527tw58hAD0qi6PzExgcgdOXLkp59+wkKJTcXPJlScoUBZUXSkF0FFaH/88UfElZy7d+/esWPH/v37b968idxSD50FBgrBph7q3Llz5969ewmMQaZOKqRdVJbMDDWiuHXr1j/84Q80jXUXFxejtbSrzDYMI8kgEANx0jt6Sr9U/Gzlp5Jqusn+5ctOTbm/brhehpzqHwEU5FAh1KamJmXaHBWILtGurpAMvE+XW1pa6Ivaxbxg1z958uTKlSsUYbfSWVWE4KmQY4OtaPDi4iK1BWsSBOG3EQEWPgB8Tuuc3l69o0u39lR1nSZsIWdk8V63dgMLMOlswIGnd1VM/BCcB37lCskqIZN3OrXFk6aBRScabOdbO/i0hvn5+YH+/ibO2hoaPmVqbmpq53xFowmd4S0HLkNAigaNzpIp072egP1+XfDaHtHZ74tHd1WMY78bdeErlS62aOK7tFnDhsa5DXL9c+eCvc8QuCb/1TfSCcLHRAkJloWJ4UvYCBKCvnZ2dqJSuA0+jG7xK4qIPoGyX1R5jZ8oO9JoNG1tbbdu3Tp9+jQmQ+V8qOI5iDQF0Rv8jTfDc7mhwi+utsVI8TQaxQZBqfLk5CT6SmY+GvEizAq7I8i8vDwkiuZevg82DNVSFmEjZj7Xw5c9o1iEqua0qY2oeB85J3KsFQHmBb/SihoQXkdGRiK3EB0dTaOUXR0/3cGokdWvvvrq66+/3rNnDzVgm2lpaXfv3qVC9UQivBoh7Onp6e7uJgyE+eeff8aQDx48yNjSfaJVFfJCGfLVq1d/+OEHtDwqKoo8jOeay56VS6spdzKgnYTH3qQGus9WNS1MVcpUaRoxfp/PG8qyr6enpzkwGBx1xTLDy66hZhUPMSQkJLAriYTM6DqKy5scFampqRxahKT+1ct+Z1NHRwfhEX9dXR37K9SSIAhvhwiw8GEwunzDRleP3rHmbHWdpqY5W/lUYBJ4A98GrFLQgaf2BR4OPPr318wDk/5RGHhM7uGaqZsd85XTlmmL2xPwj8AJFt/TfB9/ejhZCU/8unxLWru3VmO50zV/rG6KUAl4TRfC6W8FI9+XBB/5W7uR535Vutw6y2FcPGFqnretOcjXaerW2QcXnWb3axfsEYSPh9FoRMaqq6vz8/PxTEQFM0RacELeREjUw40ePXqEAaKCExMTmB6Gg1mpD6swmA8iStn79+/v3Llz69atKSkpVILvYaqYHj/xH1SHjzs+69S8Xxg+ePG0hoYGvDEiIgKBpEXs1PxiwWF+In4YF1ZJVGxF5KiNN9kUquUlqBZTxanwrqSkJFRNzdwSAyZJZzEx4qyoqMDzsXqsGBOjv8ePH9+2bRu92Ldv365du3jx008/IaLILbKanp6u5sZDzaysUCd2ffny5W+//RbdReRGRkYYK0AUGYe4uDhcl6oofunSJXLyK7UpYf7xxx/JwAgTraqQFxg1zkwGijCqw8PD7KDgP0h/NfIWi6W/v58WY2Nj8Vv2Y3jQ2FMEwC7AzBm3qqoqdJQxWTP474DaI3xtMf5qup6j5XlwUS4VT1lZGQPLPlKRcKQxCOyCK1euMFBqBlt1hP3OYZOdnc1uZfDZNfRRtSIIwlsiAix8GCwe/6TF3W9wrjlbXaepVWtrmLVmDhsut2o2tgOjf2cbpo/XTSGEW0vH8MY3XzO8r2riSuvs4wF95bRZeUj4xuBPDxJucvuGjM7qGcuTQf21trkDwdWt14QdTsEnHo38VDa2typw5fPGnvslXQg+ACl7ZLFWY2nTbhAB7jM4xk0uq0dO+ITPAMqHvdTW1mZlZfEC98Cy0DCEhDfr6+sRY9QRP8RkkEPyr3YnBAZX4c2pqSnkFgfDcNTqTefPn8fZqBYRwruoDWPEOWkiVDiIkjS1sBbyhqQhn6jg7du3KYsPswm3RKsQVOKhNiSW8PB2nU5HbUqiXgbxIyrCJnNxEIpTiclkojYMjXfoWlFRUXNzM33H0KgKo6M5NOzx48e7d+/+5ptvduzYceHChdTUVKQ3LS0NP78YRCl9Y2Mj/aJmRPr06dN4O6UQOSyUYVGRoIgMHRZKj86ePavqPHLkSHR0NMqKJcbHx/MaK1bTzow21ebm5qqRpAjDgquHKwyDQypjpy90BAtl95GNIUU7kczx8XFiQzjDc+kodKjwh0Ndss6hwqCh/Qw7waiLn9njRMI77EpGD9jLo6Oj6h8oxD8zM0O2Z8+e0QX1/5FQpYIg/B5EgIUPg93rn7d7UJE1Z6vrOuWPB9aC3sBLYYWTWhPrYPXEjyUjb5g7DSckM6JuKm1QP2x0qotRA1/Orz6t+vDQ0NLyim8pYL8EkD5kONsw8/2rnvG7Jv2jcJgOHqyZPNWwYZ94tDpFNWtudcwVT5raN4r9koYWnRqrx+H9bP92ETYzuBmKouQEdVFC0t7ernQRfers7ETGUM1QgVXwEYn9UgN6g5cirkgvXL58GRHKzs7G7nBgLHFgYEBNGodKBqE472BH6BPmhk9ilagvgkQ8ra2tGCD10DoSy08qvHnzJg6JJuGooVpeQlVLYJgzJkkN1ImZo6mYIe8TSW9vL+8jlidPnqQ2usD76hNfFWcciPnMmTPbtm07fPgwXcC0CRV7RLwpu3fv3u++++7bb7+lvwkJCVT1448//su//Mt//dd/USejQQ3kV9UqVNPo7l+C7N+/H0VEX8k2MTFBhOfOnaPOLVu2UDmvEel//dd/JQZqe+U13sTJ0NXV1WHm6mJjwqM2NtEcr6mWEbh9+3ZOTg7mj+Grgh8cNWK0lZiYyAGDkD98+JD9yMASj81mYxP7l0gQ47CBq/irq6uJ/8mTJ+xxhkhtEgTh9yICLHwYXL4lRGjU5FpztrquU+mUKaFvAQde4xUbL2GDkY2BZyMdrp74uXzs++KRr18/D0z6pnBkW+nYsdqp621zTwb1VTOWPoNj3u5x+pY+9rpE6um+g4vOulnr0yHDzY65iLrpHWXjb/b2rwtGvi0aoWuHqidO1gfWfN7wAnyhKbD81aPehYrpDfL4X5X4kNE5vRwGoQNCED4hKJnFYmlpaUlOTlb3ZKorb5FPBNhkMun1enWZcajAC1Ascg4PDyNgSCmSeevWrZiYGEQaYaMG5Jmf/f39k5OTqBe2Q5FQ4SBq3hjXxWwplZmZicKhqRg4LS4sLHR1dRUUFGBN165dI7z8/Hw0mCDVxG+oll9D/LQ1OjpKtQgY4opfUQ8x4PnUTDy1tbXPnj1TFznv2LEDXScAHJtqiRC1JuzU1FQUlAx0qqqqiuLUzFY1PiMjI/T67t276DFgqpGRkdevX8fPo6Ojjxw5wq8MBdUysFSL8lEK005KSqLO77//Pj4+nuElHrVIFbuAoSADg7Bv376vv/56586dBIBGMiZkC0ujAlF0u93qtl6GhZ7SRySZ8KiNn7xGRLFNNVuu7JciofIfDiJhX6hLoNnvKH1xcTE/MV4aJRL2Be+zfx8/fsxOmZ6e5k0KEiejyjCyj4iTMVfjr6oVBOH3IgIsfBi8S8t2j3/cvKEEuHrGkjNiiO+aX6MWGzida5w+UvOLA79hWaxw2lc5cbl1Fg2u0ViGjc45u2fR5bN4/MgwRwU+/M5f0RSkOJVQFRVSLeo7YnI1zFkzRwLqe6Bq8h+vX+lKJbb+vWD4+6LR7WVjR2omzzZuirlfEgIc1zWfMWyo1VjWHNjrOk1a3GaP3yMLQAufAzzE4/F0dHQkJiZiLPgMroXWPg0+Jke5ymqUX+HDuHFPTw9+df/+/StXrkRFRcXGxuJvzc3NGo1mjbCtBsmhRZQPjcQtMVv8FuHEhahT5UHVeE08hYWFERER+/fvxzaJx2w2U1blWQ11qsjR9YGBAarFuOgCMoaAUYRN+BWWiCuySW0l7IMHD6KvJ0+eJADqx0KJPz09Hf/805/+dODAgZSUFEyeYNA8mlAN0X2EFvPEn9Wc7Z07d9A8nBP3u3jx4t69e7/55psTJ05gsFgf1o0J8/qnn376xz/+gTMTGDUQlTe4hjZ1qkuvceCjR4/+7W9/owZGhnjWXPasxp/RY5BpkfAIg3bDAx6uR12QTB7M/+X/X7w/KmzCI5La2lqOH9pqbGzMyMh49uwZh5BWq6WPiDEHBubPVn5VZQkSIVdz1wgw0drtdrVJEIR3QwRY+DAoUZmyuDfSw5Aa56zlU6ZHvQtr1GJjpzOhW4LHfyp97SOCVyfcckfZOC56sn46qlkT26VFuipnLL2BOWEv7spJUOgo+Z1Q0O1fxqh79I7KafPTIUNcl/Zii+ZU/fSh6smd5eOBZ/y+FM+a9I/CkS0lo3sqxo/XTp7eHFc+q3SheSahT1c4YWrYKOs/q6SxeVz+dz+oBOF9QGNwKswQgenr68MVUbLJyUn8EKtBVNgayhpE+VVvby8KR5Hr16+jr3Fxcagv8jMzM4PkoFuoUajAr6E5/G12dhYdQs/i4+Nzc3NxTrUwFU2rbASASSYkJNy8eZNWaGtoaEhlWBOPgrBxY3pRVFSUk5OD+zU1NVEE97PZbMSMbNMddBo3pps4LaEiaTSNsN24cePIkSPI8LFjx7BWfJif6ulEhw4dwpOfP39OZppQyofQPnny5OzZs9gs3adOXH1hYQFPxvpol7YYEIKnHgT++PHj1Hz48GGMGgdWq2ThfgSMlqs66TIDQjbUNyoqqqKigiDR2jX/gwj7LWEXFBTgkGNjY7SrBpzh5VfGllFlEHp6eohHqbsq/gEhMAaEwWTA2UEYPuPA+AOjymHAmGRlZaHoqampra2tjE/4nxcTExPsX0aVPUI2ZHhNNwVB+L2IAAsfDBx41ubp1jk2jAMHlsKasz4e1CNdG3456NXpXOMMDryvKrAs1ndFwSckvfGKaJVw0a8LRraXjZ2om77RPpc6qC+eDCw+jL4OGZ2jJteYOZBmrJ4Fh/flpHV4p61ulWfE5BpcdHbrHS3ztqIJU8qA/np74FLnbWVj37zxcU3hRMCo73dFgUu191UG7Pdc4wZf8mp1uhB8ANKTIUONxsoYrjmw12nig6VLZ5+3e0NrfwvCZ6K7uxvb7OjowMRQEY1Gg7pUV1dbgo/5JQPaqWbtsDL0Bue5c+cO7gcIKs6Dy+FabziQ2aRmC2kLQ0tKSqJFlA81QpaoHEmz2+1UgmqWl5c/fPjw3r17ZKO5ubm5sBuvhjqxO4QQoSIAqiXsvLy8hoYGGkILaZEKUSx0FEvHWrF03g/XhqtjicnJyVu3bv3rX//697//He+NiYkhpxLjM2fO8M7Vq1efPn1K2YGBASrHXU+fPr1t27Y///nPjINajos6w91n3Bgo3A+pRpJBrfyslD4yMhLHxnLJgOjikPX19USIUaPcDCk+SafWWCu/IvN4u7pDOy0tjVJoM5JMu0pHp6amcG/lxhgpPX3DHnln1LDT5d7e3srgs5rpRX9/Pz8ZfPYXozQyMsImBodxw9LDjzUiWvYmY8iux4E7OzsJUm0SBOF9EAEWPhh8caAxAW/RbZCHIbUv2Nu09uyRxZsdm2IprNUpsnH6dMP0sdrA6tA/lrzpqUKrk3JgnPmnkrEdZeO7KyYOVk+ebpi51DIb0zEf2xVI6UOG0inzy6l40pw6oFd5brbPRTfPnqyf3l81SSVUtaUkqOIFb6vi4YnfozWBiV+6s6aDGztFN89cbdU8G11s1do2zA3A2G+v3qFzeMV+hc+LEmC0BDnBbfj57NkzBGZ2dhYpRXg8wWcUtbW1ZWdnq2WQz58/j6Dm5+fjb+gN2V7pqGFQaLyI4qhjREQEzolPIlEURN5oAhdFGpEiDBDzfPDgARmoGetb7ZZheAcnnJ+fx6+oFmHG+ogQ9aUIAaPraBiuiIZt3779p59+olFklQ6GayMb+QsLC/fv36+mXktLS3FmnJz+4pNIJjWjwTt27ODn5cuX8eE9e/aQH2f+r//6r8OHDxMqUorIhacxCQzTo1qc9ueffz516hRyru5epk5GG8GmrX379h04cODChQvo8bfffks2IsQqUVk1Jqo2BRXSHSSTPUXNqjZ3cIqezAwj1aampmYFl90eGxtTAxsq/EGhWo6Q1tZWesFxQiQ0XV1dTVTsvunpaeKkIwwLGVBc64tHRtMjtlKE/cWRM/ziqU6qWkEQ3gcRYOGDwZfPoss3ZnZxkrrmzHVdp6IJU2Kf7nr77BrH2PDpXNPMmeBU8P6qiZ3l4z+VjH5X9LY3BofT3wsCD0/aXjaOSFMPCR293Dr7crrUOnuiDuMN5EF6twUnn9fU9uZEYDT3bdEIoe4sHztQFXjS76a67DmcrrfN3u/RFk+a1hzM6zr16B3Di06jS679Ez4zo6OjeXl5uGJtbS1a0t/fj5/gWigrfhi+sRa/QiavXr0aHx+fnp6O8yA/eOYrBVWh3Axfos7c3NwrV67gjchkTEwMxTE9dBQmJyebm5ufP39OE4gTgoR5Ugq7e7lm3sQ2USnqRNrxrqKiovLycuSWIjgVAjwxMdHR0YHDs5VQkUzEFX1NTExE0hA2zBlLRJifPn0aHR1NVOfOnWMEiES1Qrv0CxnG9O7evUuGXbt2HTp0CIHHzx8/fkxVvKDs+fPnGRBipguMHiOGxCLSly5dQrxRZbYywgSm6rRYLISakZFBbT/88ANmjgbTembwycaMiQogDIqI69JZ1R2CpDjZsHeGguGlRTqiJsDVHqSJUOEPDTXj8E1NTYTBSLKbOAb4lX1XU1NDGC0tLUTy6NEjBqS9vV3N/dJx4mTA1Vw3O4vucOSoOgVBeH9EgIUPBt+6FrdvxuruN2woAa6ZsTwbM97p3ERLYa1O2CMpuED05I4ypPRNDwp+XUJN/4Y5BxPFvy5ApNemvwfSi2zBImsq+c1E8X8UBq7BPlQ9cap+SkW+pjubJMV1abNHFqtnNtTyV/0G56TFbXHLBIjwmcGvOjs7EUX8FpPBTwoKCviJ2PA+4HsXL148ceIEsnf//n3cGAvChV4pqKvB+tAzrCwhIQEL3bt3748//ogWnjx5kubGx8cNBsPi4iL6jRufOnUK1cSa0E6s73U145BIF/aFZVEtZfFz3qSImg6dmZmhFykpKcnJyXV1dbTS2NjIa8T7q6+++v7772/evImJoYs0+qc//emf/umf+BkXF0ck4ftUFcRAtbh6RETE7t27sVnCxm+tVivdR8LRObVs1V//+lckVl3VfPv27e++++6f//mf//t//++HDx/Oycmh5nB3eEGcRHX9+nV16TUi3dfXx1C8cjzdbjcSjjCj3Hg12QhSZVMz2PRR/Uuiq6sL4fzNnfI+EDZ+SzeJh3Gem5vjIMnPz09LS8NpCYY9cu3aNeyXHoX/M8IYkpMBpyDmPDIy8lGDFIRNiAiw8MHgs9nh9auroNecua7r1Dxvq5w2P+pduNQyu6nuBF6dzjZOn6qfPlo7ub8qsEb0luBF0ZjqGgX9LAlV/iZ4wTOB7aucOFIzia4T8JoubJJ0oTlw/XNS/wIHbdPGWv5qyOict3vsXhFg4TPjdDpxYLwOU8XfsMeHDx/iVOgoPoO0IIe4MS+KiorwYcQvfF3rK0Fv1IxfS0sLpoq2VVZWUjMvcnNzcVEU8erVq0g1DSkvwrFRIypH4V65ajFvIsZYFu5KPUSCl7a1tWFT6CUtEhJaXlVVRfxsRQt7enpQMkx1fn6egtR/796948ePHzhwYN++fThtZGQkSn/69Gk09ezZs+qeVaqdnJw0m81qTKiNPCguP/E63kFB0Wy6Tx+Hh4dpEQ2+desWdf7888/4MFVdunSJ3kVFRWH1FGQA6biKlsqJn+ElEgJgNJqDq0YhuqGuBqFHNEGPsHe6U1hYSDbKulwuZY9qWphRVf+t6A4+yemVQ/dBIEKclv1IR2pqapBt+tLR0aEuFmhvb+cnm9iPjBiBMUoESaiENDAwQEHe5+fo6Kjc9ysIHxwRYOFD4vEvGV2+YeOGEmASDpw+ZLjVMX9xk90J/HKKbJw+Xju5t3Ic4fw2cEX0i2nbl7z0oyY1pawmk7Hfn0pG91ZOHNtkK129MkW3aK61zWYOG9o20N2/Ko2aXIsun8svTwAWvgjQLaPRiII+e/YsJiYGbTtx4gSSxk90LikpqampaXZ29s13lvr9fo/HgxkiyVjZkydPHj16xAtEDkFlq81mGxwcxDOPHTv2L//yL99///2ZM2eovKGh4ZVepDwQ65ubm0O3kCh1cym6hdwiVyqDw+GgCcQM7Tx37hxWNjQ0RClaDNdDYGjbtWvXvvnmm//9f//fv/32W/qFi1IKz6en//mf/4nBRkdHI+2ILvaOzqG1//Vf//U//sf/QI/xOiRTVasmMPnJa8aNSrZs2fJ//9//9//7//6/GDXV4oTUcPPmzZ07d3711Vd79+6NjY1FofFwrJiOq8csYfUvTzsrb8Q51eQ5pdDg8NXR7AL6i97TTfyZMWG01SXWKsOHhQ7SZfYaYaSnp+fk5IyPjxMbHaQv7Mr64DON2cR4hkeegsRDL9hxvMkuZpdhv+wsVa0gCB8QEWDhQ7K0vGz3Lo2ZXZ26tSev6zq1am2FE6bkft3Vttk1vrHZ0rngc5JO1E8drZ08UDWxq2Jse+nYj8Wj3xYGrmH+BBpME3jvN0UjP5QErnbeXTG+vyow60tIBLZpr3kOp+ttswl9C4UTxg1mv6QJs9vpXfItyXWAwhcB0uV2uxEbTLKvr6+1tRX7un37tnpS7t27d5ubm9XFyaECr4Liw8PD2CDOU1hYSA2IEwqEEmM+yuvGxsZw7Bs3bhw8eBCbraurIw9iucYDgbYsFsvExASKVRR8xBEujVWiWPPz8ygfRXAtfKw6uAgTNohX79q1C2lPTExsa2tT96AC4o3TpqamslWtyUwMvENsdAoxQ+95Jy4u7uzZszi5ApdW134zCIcPHz5//jzKiosaXjy0iZ94e2VlJaKrpn/T0tKoimrJo26fZjSysrKuXr26fft2NfOMId+6dYu+MBTK4VWQClUnuwCzVbO7SrzV+GCV2KYaYTLQR+yX4X3zPybeGZqjI/SI8UeAecFos4uxX2IrKSnp6OjgJ5aOAPNiZGSEXcaOAwJmhPPy8shJwJOTk1ardU1nBUH4IIgACx8Ytz/wNOAe/cZ5GBKpTWuv1ViejS7GdMxHNW/2SeBwQjiP1U4erJ7YWzG+o2xsS8nYD5hwUWBK9uuAD3+YaWE12UuFVEvl3xePbikZpbndleOHqieO1wWWuYpsXBvb5kwXmmdiu+ZzRzfa3b/qAUgzVjf2K/fBCV8aHJTYC2KGhmVmZh46dAgJxHDQPKxMo9GYzWZls+H82BcOhqSpq2QxJQpiv8iSEkXAVI1GI8V7enqKi4txwidPnqBP+FI4j4KaqRBZQk1xXexXVYjvdXV14WNq9WP8igjRKjI8ffqUCnEwvBpdxzMjIyNxYLwLfyYMGnr8+DGb/vznP586dQpbpiCVhP8CqZPweB87/fHHH7/66qudO3fiyarppKQkfBgNpuz9+/eRdgLDcvE9fBi5xX737t3LpqmpKcxc1QnUz3DR5djY2D/84Q9ff/01scXHxxPYy6tAEQ+jhLQzjGVlZcSP/YYXtaIqttJ9tQKzuhSZMQ934cNCMIwJDk/wDALNVVVVEQzvqLnfZ8+elZaWMrA5OTlXrlzhHYaaw4B4OH7oNb/SC4ZO7QWOqFDVgiB8aESAhQ+Mx788a/MMLjo5YV1zFruuU6vWVj5lvt+zcKV19sJL4rE507nGwL3BaPCp+umT9VO46OGayX3Bm4R/KlUXSK+12XdIwfne4YD0lgeWkj5UPRlRN0Vzp4JTvgRAGGsC25wJ+73YonnUu1A1Y94wz/5ViQ+TPoNjzu7h7Dv0QSMIXxI4DHqJdyGxjx49KioqUj6G4KWmpqopUHWZK6Cv5Ozv78/Ly8NCkaXm5maEhzw4j9IzbAozbGhowKPwperqajX7SkFcl62qKgUVYr/d3d3oKGZLhYRB/Zgh7yv3Jjx+7ezsZCvtolhqWphW0DPCuH79+oEDB/BVJFbdi4u+/uMf/8BCUfq0tLSBgQEqCTeNs+F7COf58+dR2aNHj1Izvk2dePjs7CzVYuC47rFjx44cOUK1KSkptHL48OG//vWv//Ef/7F//34cm5yrTY/6p6enMzIyCOAvf/kLkSCKNI39rtF+IB41SoRHp+idRqNBpxkihpGqqJwICwoKGBkGhEooEir8oWE06HhFRQWDyQFAMOxQBLi+vp4A8vPz8XCOitu3b9Pruro6IqfjgZnf4H9P2L8cKvSCo2VmZoZ31uxlQRA+ICLAwgfGt7Ssd3jHTK4N8zTgcKqbtaYPGWK7ZBL41Sl8dfSRmsBaWbsrxjHhbaWBtLU0MD+MxJJ+KB79vnj0u+KR74rWJjapPGSmSKBs2diO8rFdFWN4NXaN+m7Oxxq9TcJ+Yzrmng7pm+asG+z658ADkIwunVOeACx8uSgLbWlpyczMVCselZSUPHnyJCEhAYPFSDEcnAcl42dfXx8KhNxid/hbWHiUC2GqFOd9PApxqqqqQlaxqdVTl2ra0B58ZpJaXQn1QjgxPYxrbGzMZDIpCSQwvV6P/rEV9cIVqZAMapoUCJv6CfL06dPbtm1Tc7nqTuaLFy8ioijutWvX6AsFcVEkMxxhfHz8vn37MOSbN2/29PRQldI2mub1+Pg4HWQT1f7000/kxJNPnjyJDwM1x8TEMAjUgyjSETWXiy5evnz53Llz/KQ4g0M3VahhqJ8O0gs6S5fpGiNPN8P/ZSAMXhMtVkmFDP7i4qLa9MFhhImQzjY1NWGwxMMBMDo6iskTFa2zHzkYsF86++DBA/aUuiKdXlCWwOg1b7J36I5y+FDVgiB8HESAhQ+Mf3nZ7PHP2Dycs645i13vqWnOVjJpTunXyVJYr0uoKSkyODOsJocD88MN0xF100dqAvPDJNx4T+U4erzrpcQmledozRSue6o+VIOqjWrPkV5qVJJKV9tmk/t1RROm1o01/UvqMzimLG6T2ycCLHyxeDwelK+xsTE9PR0xQ2zQGFy3uro6OTk5Kirq/v372cElnQBJ5ifWiu3gaWrGkkqwX9QIC0pMTEQ4ESeqoloqR3dVQwoEz+12U395eTkt3rt3DwlsbW2lOBXSuhJRakZ00TC864cffjh8+HBpaenExEQ4g6qKX1FQHHj37t3/7b/9N+yUCFE45LO7u5v4cdfvv/9+y5YtcXFxCB4+T4S7du36y1/+8m//9m8HDx7EM+lLuE5Q1TIIbW1tqPXf//73f/3Xf8WlCbi9vZ0aEOM9e/ZQA8UZHN7HhFFiglRXRxOA0Wh8ecYbeAenffbsGe3m5+czDjabjSFSwwg0TVmaph7aenkAPyA0jesiug8fPlT/XOAdfiLDREh4zc3Nqr9kUAt3q1D5SU7sNykpiQFnWNh94YNBEISPhwiw8IFZWl5x+ZYWHF7OWdecxa731Kq11c9ac0YWb7TPRcsk8FsnlPVs48zp4JXSpBN1gYulj9WSJtckNqk8ZJZrm39XimqeiemYeza6WKuxtGnXHrrrPQ0uOvlIcXhl/SvhywXjUgL89OlTDFO9aQ8u76xuAUUvMcmrV69GR0ffuXOnpKRkdnZWzW0iPKgvttnV1YVB4aiob1NTE1JqNptXex0vECSdTscmdJfMeFdZWRnO3N/fPzc3F54CxTy1Lx6DRIbHjx9HRETglhcvXiQMChIkedSEMxGS4fjx42Q4ceIEoj44OIibqRt9ceDc3Ny7d+9euHDh2LFjZMPnqYdfecHPM2fO8CIhIYGw6QLtEifOaTAYcG/sTlUbGxtbUVHBgPA+oTJWWVlZ8fHxkZGRiDc13LhxA/U9dOgQokj3CYDOqu4oqJbRwBI7OjroFM5fU1OjQl3jt/zK2Pb09BAVg68WlApt+3Aw2uqmX/YmVFdX473sRzXDjwDzJl3mBX4LaDCjrfaRGh9Gnjx0hP4ybjL3KwifBhFg4cOztLxsdvkGDM6NtA5WOJVMmu92a6+2zq4xEEmSPle60DRzqUVzr0dbOW1u12606V/SiNFlcfvFf4UvmdUCjG6F3n3B0tISGokKbtu27ZtvvkEasVwMjVKoGj9xWlzuyZMneCYaOT4+Hr5EWYH7UQlCiOypZy/du3cvMTGRzCMjI2xaLcn8imi1tbVhmGgnflVeXk5g586d++Mf//iPf/zjyJEjFMTAkUmy3bp168cff/w//o//49SpU0gab662bqBCMuOcW7Zs+ad/+qc//OEPCG1hYSF+i4tSnPf/4z/+Y/v27QgtZo7dYc6Y4aVLl7Zu3Uqvse6XhZZsJpMJR/2f//N//ud//ufXX3/917/+9fTp0xTE/MlMu6GsL+QfRaRR+s5Y4ZaMW2jzryEzXRgdHSVbRkYGkU9NTfHO6oF6T6hqcXGRUHNzcxkBdj19QW7Z+wx1eno6Y86bEBcXFxMTQ06OENUjfpJ5YGAgJSWFo6KrqwuR/lCBCYLwm4gACx8ePsPtXv+E2b3xJoFJNRpL9sgiDrxGQiRJ+lwpulkT363NHDbUzVo22N2/ncEbgCfNbidnwnJyKHzBILEILfaIz+BdoXdfgNsYDIbBwcHKykrUCEtEih48eIA7UaShoaGurg5f4jWePD09jf0ih6HCQXhnbGxMLaSEu5aUlDQ1NfX19eF1uKJyJ2V9mBXvV1dX5wQfg4TfUlCj0RAV6og549jnz59HwqOjo68E4fXRo0fR1wMHDkRGRhJhe3s7dodwUqfSVCrE4n7++ed9+/Y9fvwYr6NpNBtzI+bi4mJs/Pr16xTnJ06Lo6rVnvFt7Pr27dv9/f1rbsQlKvqClv/pT3/CqO/cuXPmzJmIiAjCe/jwIcFPTEwoDeYnI4Dq8ybiTSl1Abnz9UslEzkjMzQ0xNg+f/6cEeMFFqouO1ci+s5QA91vbm5mDxISBkuo7Dh2CjuId6qqqtib7AKGJT8/n73AQDGSREVZDgbKsi+Iik3haWFBED4NIsDCR8HlW5q3e0eMro03Cdw8Z6uatqQO6C+2aKKa16qIJEmfOF1onrnSOps2qC+bMjdvuLt/u3SB65/nbB6vX/RX+KLB0JAxFAv3QwixNZRGCWQoR1DJ8C4ELC8v78aNG/v370cXsUp8OCUlBXEaHh5GpEO5g/lRJofDgcihryhodnY2gk1xVBaJWlM/9kvOgYEBzAqJffr0KZGg5WQLZyBIfBvp/eGHH/71X//1q6++2rt3L8qKr+Kcp06d+umnn06fPk0vEDNCpRVMr7Oz8/79+wcPHty1axeZEVGiWt001WKABHbs2LGtW7d+/fXX/Ny9e/fOIHv27Ll06RI2iLUiewRptVoRwvr6et6nCDUTMPaYlZVFbFu2bKEsmxDdyclJXRAaZQQIDJ98y0WtiJC+4/94ZkZGBt5eUFDA0M3MzBiNRpvNxvCyR1Z35DchM52dm5sjeMaZOqmQQWasGCXipyHkVplwcnJyXFwce4EiNATsX61Wi4erS+IxZ/WPhlDtgiB8EkSAhY+Cd2nZ7PZPWdwbT4DbtHY049noYmzX3JVWuRNY0mdOl1tn73TN548bm+ZsG+/u38D0r8VtxCNk/lf4ssFt0BjEBkdVs4JDQ0O4Dc4ZyhEkrE99fX01NTWPHj06EwQNRp5nZ2dXuxB6xjtIY2FhIa4FSNfg4KDyNzWdGMoaBKNrbGxEwBITE1E+NTlMheFsvCAeBDg6OvrHH3/8y1/+gm3ihAQzPj6OwVL/kydPLl68ePz48fPnz9+5c4faULgTJ07gqD///DNqevLkSeIhP11W1QLVIoGEevv2bXT3P/7jP2gCH66trWUoiIdf9+3bR09jY2OJjb5j8pcvXz569CjijWwTLcOFRjKGeG98fDxijJATDJKJ9OKWhIpYIrQvz5C/DrpMYDgnpbDNyspKqmIHlZaWoqnT09Mul2vNPnoztMsuoFNqgn10dJSaGUAqZNcz/gwCu5LXjB4DxWHAzqIJIqEt/J/xR33Jj8aHp4VDtQuC8EkQARY+CnzSu3xLc3ZPl86xIe8ELp82PxnS3+6ck2cCS/qMicPvduf840F95bR5zSG6MVKv3jFv99q9cv2zsA5AY/DVluCTb1CsqqoqdT2zktXVugi8g50inA8ePEAa7927hxZ2dnZiodiayWTS6XQ4IWaIKeF+aBvSiHY6gs+5DdXya6xWK3nQRZSS2vBk6lFNI2DoMe+gZ2lpaadPn8ZpL126VFFRwZvkUTUQKsKGvOGr6t5ddDciIuLQoUMXLly4evUqRorE3rp1izzt7e1Eq6ZS6cvk5CShRkVFkR8ImL4TklrqKT09PTIy8sCBAzt37sRpr127tnv3blQZzSaG1ePjdruxRDpCK0eOHNmxY0dMTAzNPX/+HL2cm5t7t5WiqBbBVheHUxVgpzjw8PAwI0CQamBf56K8D3STLlPDs+DVy62trZTF2MvKyugv+509SGep/MmTJykpKWzyBhfcBqfTid7TItnYBdg4ta2e8BcE4ZMhAix8FPgC4YRV7/Rx/tqlW3tSuwFS05ytctryqG8hulkjDizpsyQOvKhmTVK/rmzK1DhnXXOIboDUuWDvNzgWXT7vksyPCOsDRA7lQ1xRo5ycHCwIc0NisUQELJQpCDalpHR+fr63txd1xITj4uKSk5OLi4uRKPw5PFdJBtzJYrFQCSpF2VAtv4bW8bGmpqanT5+iWDSN7qJ2lMLuRkdHMzIy8M/t27cjtISHTis5D1eIAbpcLt6kkoMHD/7tb3/bsmUL3ovsIfO4IqYXHx+PuKLHP//8MzEj/LzP1sTERHz1j3/8I/mxaDW3SR+p0263I5+zs7M4Ia1/++23f/7zn//whz/s37+fDo6MjATk8kUMdBAtxP/7+/vJf/bsWXxycHBQq9UyXMonVc7fBfUTCRaKdiLYmDB9ycrKSk1NVVPr6Dr1v65y3qc41soYEo+arh8bG1P/nlBCyzu8j+rfuXOHfceeDV8ozi5gq/p/R1FwkTOTyaSmhVX9giB8SkSAhY8FH+pmt3/E5MKB15zXboDUprU3zdsyhw13OucvyWOBJX2OdLlVc6tjLnvEgP22bsTFn3t0jlGjy+rxy/SvsI7AlPA9bAeJraioQIQQrcbGRnSON8NGFIb8uBAqhfFig7hrQkICBnX9+vWYmBiK9/T0IJNvs0iSMmpUGe+ltry8PAJobm4mktra2kePHkVHRx89evTatWuZmZk46up5V4Uq3tDQkJSUhAAjtDh5eXk5cog3Ejwv2IqXEt6pU6fUs4uoGXi9e/fuP/3pT6dPn8bx1PW9Ye3Hw5Hk27dv//DDDwcOHIiIiKByct66dQtjrK6uRoPVjChFsF/CQxepB9tEVnHyDzVZSpepiniQauydISouLsbwcVfGjXYZAZqjs2QDRp4dNDU1RfyVlZXEQ7Stra0YL7uVHYQD80LN/WZnZ6sLttndym9pjlGlOLugsLCQnUI9HCHUHApIEIRPjgiw8BGxe5c0Ns+Q0bnmvHZjpHatvXTSnDaov9E+t8ZMJEn6BOlmx1xyv6500rTmyNwwadDgnLG4nd53me0RhM8I2gP4D5aFJj179gyhffLkCeL08hOGgF/RJN5fWFhAyVDK//qv//r73/9++PBhJNBqtbIplPW3CLYcaBqHRMkwMXWJNbL6n//5n7t27crJycHxfL9+wlCYmZkZhPDQoUNk3rdvX2pqKgFjgGRWNas4kTdMGBs8e/bsH/7wh7/85S9btmw5HuTnn3/+KcjDhw8JAHVUNWN99Gvnzp1/+9vfsGX6hTdi+JT96quvtm/fzviMjo7iishnW1sbcbKVEWMMCYCmVT0fCtUXxgHRHRgYQIATExMZK7qM8POOVqtFUwGNZ8TIEBcXh/0qSeZnSkqKupWXsD0eD/587949hprIKRIeXppgrLBfKkePseuX/wkiCMInRgRY+Ii4/UtGl2/M7FpzXrthUv2stWjCdK9be6llVi6ElvTJEgdbdPPMgx5t8YSRg3DNYbkxUueCfdzs0ju9fIyEPlAEYb2Buanli1tbW9HFoqIifqK4Y2NjaN7LFuR0OhFOMmdlZaFbV65ciY+Pf/r0KaWo5OUJ2zdAVTRNQ2o2+PHjxydPnrx48SIxIGwvCzDtonBYK9mw5WvXriHPeCD1vLJRKiGwI0eOoMoUwR7LyspqamoQQl6rxyxdv34dG8Qni4uLqRk9vnnzZmZmJjI8Nzen7nDGCWNjYyMjI6Ojo2/dusVWIiwoKKBUU1MTeRjDt/f/d4DKFxcXJyYmenp6aJGhrgiCsjY0NDQ2NuLqeDjvExLv84I+AqNK/BTs7e2l44xGUlISGdhTxKwqN5vN4+Pj5MScKdjf34/hM/hqqyAInwsRYOEjopbCmrZuwLWgw6lh1vp4UH+zYz66WS6ElvSJEgfbtbbZ9CF9y7xtgz34N5w6dXaNzWPzLsn6z8IGAMsaHh4uKSlJTk5Wc4xDQ0N2u13dJfuyCeOcaFV6ejpueeDAgUuXLqGjSCNC5Xa7f5cQklmv12N3SDWShqaiYSaTKXyJLxVarVZkj1a2bt365z//+c6dO1i6xWIJVbEKAiNmNmGG+O3Bgwd37NhBtfgwFao89BSPPXHixLfffnvo0CFe8HPfvn27du3CbDHqsAGqaVjiwc/J89VXX1Eh1WZkZHR2dhLYK93748E4jI2N0bVnz54RQ1pa2pMnT8I3/dIvRolNvM9PcrI7EFoM+caNG/fu3eNN9pGqisgZW+wXeaYSBgSZp0cy9ysIXwIiwMJHhM95vtjn7d6NuhQWCQMpmTSlDuiutskksKRPlK63z6YM6IonTW0b8dZfEvbbo3cscH6+tCz+K2wA0B6kUaPRIHv4VWFhISpYWlqKl+p0uvCEYRjy46joEyKal5cXHx9/8+bNW7duIbGtra0GgyGU7y2gKuo3Go0IWFfwOUDFxcW03tTUhIRPTEy0t7ej5RcuXNi9e/e1a9eQPXXXMf4WquIFuDS96O7uvn///pkzZ/bu3YsqY9QjIyOoY1hryUO1hH3lypX9+/dv2bLlxx9/3Llz59GjRzH/NfPYqqf4c0JCwqlTpx49eqQmUdUTpD6xLtJlOsIemZ6enpycZPzpCMEwILW1tTk5OXSK/iLnZCAnediVatltMvBm+L8AdIrhpb/p6enIM7aMKn9inxcE4XWIAAsfHYPTN2J0cTq75hx3Y6Q2rb1xzlowbozr0l5unV0jKpIkfdh0oWnmUovmbre2cMK0US9+JnXrHYOLTqPLJ/IrbCTwH1wUDUaW8EzECQdGSlFTfOnlCU/0DyVDq/DV2NjYEydOIKipqam4K2+iiE6n83cpIkWQt5KSkrS0NOqsqqqqqanhNSqL/Z4+fZp4iARHDRV4Aa2gdnNzc+g3trxnzx7y48AIHh64RpXtdjs5EUX0+Pjx41R+5MiRiIgI/DYjI6O/v58RQJIRZhSXXtMi7xAVXWtoaKBrLwfw6QnHNjMzQ8yMFQNVXFzc8WJhbfVEX/ZLUlIS40Y2VZB+4bpoM2/mBkGkefMTy7wgCG9ABFj46Fg8/hmrZ2BxYy6FRWrT2qpnLBnDhvgurUwCS/qo6WKLJrZr/umQvlZj2ZArP6vUb3BOmt1Wz0e88U8QPj0okHJgtGpychKVwvrS09OR4fr6eqTxZaHlV/Lr9XqEqqWlBWeOCoJ3VVZWUkl43vVtUDOcWq0WJVMPpMVmL1++vGvXLmR1aGgItSPPyxOVvDM8PIzLHTt2bPv27ajv06dPeQejflntqIdOYbzbtm27fft2Xl5eXV0d+U+ePLk/SEJCAiKNAyupRiPpV1FRUVtbW3jNrVBdnw/2BbGxX+g1wWOz4YdRESGbcnJyHj58mJKSQvxqpS5VkAzkZM8mJibScXpEN8V+BeGLQgRY+Oi4fEsGp2/YuGGXwiI1zdnKpwIrQl9rm70oNwNL+jgpukVzs32Ow6x00tQyv2HtlzRidC04vE6fXC4obFjwq4WFhe7ubswqPz8f/WtqahoYGJidncVRX/Ylj8djNpvxxrS0NGRVPXwIt+QdNNgWfEBuKOtv4ff7sTW1BhWtp6amXrp0iWoRV1pfPQNMGLgowtze3o6jnj9//uDBg5GRkdnZ2YS6WlNVTqPR2N/fn5mZefbs2VOnTqHWFRUVExMT+CFOmJGRceXKlcOHD1PP/fv3EXiUHnvEFbOysmiChsIa+bmgI4y/ulid2AoLC58/f06E7Cl6h8qy49SdvWg8Y4Ihr577XVxcHBwcLC4uZp9SipwMi9ivIHxpiAALHx3/8rLDuzS+cdeCJrUH54HVitA48BpvkSTpgyQOrfu92pKg/W7Uta9UmrS47d4lr9z+K2xckCJEFNW0WCy4VllZWXJysrooenR09GVrUoapLspFsRCzixcvHj9+/PTp0wgnkkk9oaxvAbVha9SG0U1PT5eXlz99+hSjxtz6+vpoQmWjRSJE9mjlhx9++PbbbxMTE7u6utC8NVcpUyEGrp51hOLu2LFDLftEVLyveqouDKan586d27p16/79+y9cuIBGUj8xkJNsa3r9iVGDPDY2VlRUlJKS8vDhQyRWDQjxq/FfWFjA5OkmI9bW1kbY4Ul4BpPBQX2TkpLo1MsXhwuC8IUgAix8dPg68/iXZ6yeDbwUlkq1Gsvz0cX7PdqLLZoLzWvtRZKkd07B5x5pHvQuPBtbrJu1bGD7Vctfzdo8svyVsEnA+gwGA9Lb3NxcGXxUUlVVVWtrK+/o9XqMK5TvBWiY2WxmK5nT09Pj4+PV02vV7anoGar2uzQSbcNUKYsG43sYeFNTU29v79DQEIKXl5d3+/ZtnPbSpUu0oux39XXXxIPpjY+PU/DmzZtbtmz5+eefT506VVdX53Q66V0oXxAcmJz44ZkzZxB4XjQ0NGDvdrv987oig8ZoM6qMPAOrFrtqbGzE2Nk79BcYKGS4oKDg8ePHOLCaslYdZMB1Oh2Dxl6gbH19/eTkJCOjKhcE4UtDBFj4FPj5bnB4R4zObt3GXApLpTatrWXemjEcvBC6RS6ElvTBEvZ7pXU2a8TQOGfdqCs/q6SWv9I7ZdpE2FxgUKiURqOpqKjAr9Sts+qyWzyKrRDKugqkC4GMi4vbuXNnREREbGwsykoRNV0ZyvR2IKuqNiw3MTERNc3KyiIMhHbHjh0nTpxA6l6ulqhQdLUY8oEDB/74xz/+8z//M/nv3r1L8GruN1yEzLzGdXFjdeezetaR2vpZUCERpNls7unpYczv3LmTnJxcUlIyPT3NJjXs/CTs+fn5zMxMNeWOCSPz4UroKX1hxNh35eXlv2s2XhCET48IsPApWFpesXn8czZPn2EjC7C6ELp00pQ2qL/VMScLYkn6UCmmcy51QFc6ZWrVbvCLnwcWnRqbR5a/EjYhyrJwYOQKES0tLS0oKKisrMSsUC82KRlbDdbKJvJXVVU9ffr0XpC0tDRKjY6O+n7PysNkVrUNDQ21t7fX1taWlZU9ePBg9+7dV69eJZipqamwEIYhWnLiyej3hQsX1ONwr1y5cvz48YsXL1KcwMbHx7FcFBFjHBgYwPCLior4yWu9Xr9mivgTg/dOTEy0tbURDw6P9+L5vb29MzMzRKs6S+RkYy+kpqY+efIEbyfD4uJieMpaq9VSA53Kzc1tbW1lTDxfwCrWgiC8ARFg4VPAd4h3adnk9g0bnRv7KmhS45y1bMr8qHfhcutslCyIJen90oXmwMrPCX0LJVOmhrkN+9wjlToX7KMml8ntd/vf9qxdEDYeLpfLYDC0tLRkZ2djs8+ePcNI1f20mOTLFgq8iZVlZmZevnz53LlzsbGxxcXF09PT1ONwOJDbUL63gKrwPXVRdE5OTlRUFGo9MjKCG1utVgJQk7rYMvqKad+8eXP79u3btm1LSUlpampCd1FEfJg3t27dev36dcRybGwMLVSXSScmJqo7jcMzqJ8YgkdQ7Xa7yWQaHh5G4Bnnx48fo6/Nzc2rH8vMODN0uG5/fz9bz58/z76gL4yDyoAD87qrq4shYqwYDYqrTYIgfMmIAAufiKXlFYd3acri7jc4OM1dc+K7kVKb1tYwa80dXXzQE3DgNT4jSdLvSldaNXFd89nBi5838HOPSJ06e6/eMW11uzi7Fv8VNjEYJoZmNBqx0M7OTrQKQ8vLy1OzqejZy7OmqBp6PDMzg1iWl5c/fPgwJiYGNaUgHovChfK9BVSF16HN+CHNNTQ04KtZWVkFBQV1dXWTk5PoMfbY09OTnJx86tQpLJeGyDM6OkpDbJqbm2Mr+ePj40+fPo0MX7ly5dGjRzhkWVkZkqyW7PpdWv4BoWvT09NtbW1qhWegX4wbbxK/MnyVkwgR2tbWVvW4o4qKipGREToYjnxhYYGy+fn56pZgMn/eK7oFQXhLRICFT4fHH7gTeMzk2vCTwG1ae+W0JXtkMbZr/nKrRq6FlvQOSc39qqf+lk+Z1xxjGy916x0jJhcfEf63vmhTEDY2iJZer+/v7y8tLX327BkCWV9fPzw8PDs7i4W+LJDKXTUaDQ6clJR0+fJlFPTp06dI7NjYGFU5X3rO8JtB53DC7u5u9JvW+Ym+8iuy9+TJk0OHDh0+fDgyMhJFV4tvhYoFIyFIosWNybZ///5r166hxNg4eoyChvJ9QlzBxy/Pz88zgPSipKQkOzsbB66pqWFwXhZy8tOp5uZmsjGMWC4Di/2qrXQW3VX3/TIsaDD9UpsEQfjyEQEWPh3qeUhzdg9numvOfTdeatXaqmYs6UN6BEYuhJb0Dgn7vdUx93hQVz1jbt7QT/1Vqc/gnLN7bV6/TP8KggKNxMqwVnR3dHS0uroaGUtOTi4uLu7p6XnlJcQUwc3UbDB5MjIyoqOjo6Ki4uLiamtrefNlbX4DS0tL5MdXjUbjwMAArvj8+fNHjx5dvHgR9d2yZUtaWhqiS3OI9xq1JgyUGzNMTU29evUqAo9LUxXvU20o06eC2BBU9BuPRd3T09PLy8sHBwd5M3xd9+r4Vf7GxkbUFxoaGhg6soUjZ0CqqqrYHeoJxut9HDkAAHJsSURBVFQSviVYEIQvHxFg4dPBl4tvaXnR5Rta3ODLQauEtJROmZ4MBRbEuiSLQkv6PSk6aL+pA7qiCeOGf+ovqVNnHzI6jW6fZ0nmfwXhFSCZ4+PjLS0tJSUlRUVF+BvehRXrdLpXTqjimWhzV1cX5pmYmHjv3r2UlBT0T92mizz/LmFDCFE+CuKQpaWlSDhOe+TIkdzcXATYbrevcVryE1hfX19lZWVhYSFFsM1P7L00x8hotVrC7u3tRWLLysqKi4v5yeuhoSF69MorlukOncL20XvsnQHXaDROp1Nt9fl8/NrW1vb8+fOCggJeyNyvIKw7RICFT43N458yuwcMzjVnwBsy4S3lU+ak/oWbHXNrDEeSpNelC80zV9vmHvYulE+ZWuatG95+Sd06x6jJ5fB+6nkhQVgvoJQYHcKGtjU2Nj59+vT+/fv8RMDm5+dDmX6NKuJyuTBAFPTSpUvHjx8/c+ZMTk6OWuU4lO/tULX5/X4KTk9PV1VVxcXFpaenV1dXo4toIRlCWYO3Mbe2tiKQWDfCubi4+PJ9yx8VgiEkRoaxysrKItSEhAQ63t3dvbCwoOZyVwe8GvwW+71z5050dHRzc7PJZApPm1MEqcbqk5KSqK29vf33XlUuCMKXgAiw8Klx+5cMTt+Y2bXmDHijpoZZa/GkMWVAd71dHg4s6bdTdLPmattsUr8uf9zEwdO+oRe+UqlLZx82OufsHj4cQh8TgiC8CuXAc3NzfcFHJZWXlxcWFuKiaDBSunp9pjAUsVgsk5OTTU1NeXl5mFtiYmJqampRURGldDrdy1cvvxmawIFR6I6ODuxXPdOIyoeHhwnMbDbj28RWXFycn5+PQNL0KydaPwb0Rfl5T08PIWGqhMEo1dbWIqtESH9RVsYkVODXWK3WsbExjP3+/fuZmZloMG7v8XgYH6DU1NSUWvWKYacJXPoTi70gCB8EEWDhU+NfXnb5lzQ2z8ZeCzqc1MOBCyeMD3q1OLAsiCXpzelq62x813zBuKl53tauXXs4bcjUrQss/mx2+3xy+68gvB2Ynslk6u3tzcrKSklJSU5Orq+vR/zwT3WT7SudVq/XY6QIcERExMWLFx89eoQW4oSY8++9hZX6MWGUEsMkAPVwo9bW1pGREXz43r17OTk5KOji71mA+t0gEiyUXrtcLqPRyCAwFLSuPL+goKC7u/t1VzuHYcSoAVfH5x88eBAdHU3w4QW3aYKtqDUizda8vLzOzs7ww5AEQVh3iAALnxq+k3HgBYe3z+Do2gR3ApNw4DqNpWjCmNC3cEUeDizpNelCc2D692HvQv64sVZjbdMGjpw1x9LGS506Ox8FOqfX418W/xWEt0QJGw48NTXV1dVVXV1dWFiImNXU1AwMDOBmL08FA0aHA4+OjmKqz549e/jwIab6+PHjysrKsbGx182LvhKcECwWi0ajGRwcbGlpKSsrI4Dc3FwckjB4k7Y+wdwvndJqtfS6rq6OGDBeVLyqqgpHxcZnZmawX8bqzVO1yG1fXx9jGBcXl52dTVk1u6u6yWBOTEyoOW1619/fj9j/3n8ZCILw5SACLHweTG7fmMnFie+as+GNmtq1tpb5wMOB73UvXG2bRXXWyI+kTZ4uBB75O3u7cz5ndLFpzta2Ca58VqlXH7j714L+hj4bBEH4fZjNZvQV5cvMzETeKioqhoaG5ufnsVPEL5Tp16B2WNzz589jY2Nv3Ljx6NGj0tLS8fFxrO/3LmiMH2K5Op2ura1NPVtIzUWjlKEcHxpEHSN1BJ9UjGNPTk6Gn5aclZWFgav/Aqh7dwkvVOw1UBtdHh0dxd4TExPv37/f1NREQfXvAH7S0NzcXENDQ0JCAvaLJ1OzKisIwjpFBFj4PDh9Szqnd9i4We4EJuHAtRpr/rjpbrf2Uos8HFjSL4mDIbpZc69bmze2WD1j2SRzvyqNGF3zdg8fCKGPBkEQfifKBo1G49TUVGNjY35+fnp6emFhYXt7O0IbyvRr0EK73c5WxK+urg7xi4mJuXbtmpr8/L3XLWOJmDa+bTAYqBM/DF88/DFQbQ0PD2PaBQUFSC8UFxer+5AJgKFQt0P/pv0C9k6X6Xh8fHxmZubIyIjZbFYF+UlbjOrz589zcnLKysqoH7GXuV9BWO+IAAufB+/Sst23NGlxd+scm+RmYFKr1o4DZw4bUJ2rbbM4zxoRkrQJk5r7je+ezxo21M1aWjbBI39V4g+/U2eftrqtHj8fCKGPBkEQ3hVcDltrbW0tKipCg9VNuWNjY+ou35eNVAne3NxcTU3N06dPY2NjExISkMDa2trBwUFMEq9+G4f82BADzmm1WukIHRwaGurq6iJIOojnhy94np6e/r335aL6AwMD+G1iYiIdb2trQ93VJoaLQWP00OyMjIzS0lLcWOZ+BWFjIAIsfB74RvUvL8/bPf0G5ya5E1ilVq2tTmN9PmaM79aiPWtcSNJmS2ruN7ZrPm9ssVZjadNu/Ef+hhP226N3LDi8/uXAB4IgCO8Joqhmg/G67u7u7Ozs1NTU5OTkhoaGmZmZsNqtRhVxOp3oLtKblZV18eLFCxcuIMOIn3q+USjr52Npaclms42OjqrVrR4/foyo07vq6mqkVK/XY6rIP6Gq65bfnvb2dqqKj49PT09Xq1WHhZ/h0mg0NJeSkkJD4+PjnuDqYmqrIAjrGhFg4bPBl4zJ7Zu0uDfPncAk9KZ13lY9Y3k2upjQt3CtTZ6NtHmTeuLRw96F7JHFGs0mmvtViT/8MZOLD4HQJ4IgCB8CJM3r9ep0ut7eXoyxJEhVVRWyNzEx8bpbfLE7s9nc399fWlr69OnTpKQkPPP58+e1tbWY56e/7hf/ROOnpqYIqaurq7m5GQstLy8vKyvjRVNTE72jOyaTicjfYZpa3bScm5v76NEj9Uyj8E3L6p8IAwMDFRUVeXl5/MR+w9dFC4KwARABFj4nTv+S3uUbMjrXnBlv+NSutbXOWwvGjXe7tDiw3A+8CVPwymdNfNd84YSpaW6zPPFodRo2unQOr8MrMyqC8LGwWCzIG4KH5iUkJBQXF09OTvImkvw6nUP/yINqXr169dSpUxcuXHj27Nn09DSl1KrIoXwfGmoGAqMVYjAYDEpBnzx5QvAPHz5MT08nqr6+Pr1eHyrzTtAKTXR2dt68eTMuLg7bR6RD24Jbsd/5+Xnkn601NTX0HccObRYEYUMgAix8TnzLy3Zv4E7gPoOjU7f2/HhjJxxYPRspuV93s31O5oE3VWJ3X2ubS+rXqScetW6mK59JncFn/05Z3NivPPtXED4emBviOvXiUUkIcEFBAVLX09Oj0+leKbQoqNVq1Wg0KGJZWRn+mZSUhDzn5+e3trZSyuv1vlzqfVDeS5yzs7ODg4NtbW21tbW4LtESANHyDt47MjJCVEaj8ZXXcr8ltEUXqDMzMxOppv7R0dHwncN0zWaz9fb24vyFhYVkm5yc5B0GSmUQBGFjIAIsfGa8S4FnAo+aXJwQrzlL3vAJ52nT2grHjYl9C7c6Ag4sU8EbPqmbfm+2zz3oWSgYNzXP29o239wvf+yDi06tXZa+EoRPhNPpnJiYqKurS0tLe/r0aV5eHg6s1+uxuzdcQkyGlpYWily4cOHmzZupqam4KJqq1nkOZfr9KOOlXaIiALPZvLi4ODY2RuUYaU5ODtZNkFhoQ0ODWnrq/SefKY7f4s8dHR337t178OABg0Cj4a00QUP4cElJSXx8PPZLT4lQZRAEYSMhAix8ZjgDdviWtA7vproTOJxw4IZZa/mUOW1Qf6dz/pLMA2/0xC6+2TH3eEBXOmmqn7VuqicehdOAwTln81jl2b+C8KnA7ux2u8FgmJ6ebm9vLygoQC8xwNbW1pmZmddd4ut2u9XTlXp7eyny6NGj2NjYxMRENXGKxIby/R5QTZ/PRzDoZX9/f319PbXl5+cTDD8rKiqam5sHBwcnJyfJQMAY8geZc6ZRfL64uDgpKQmTr66upn7CCG/Ffnt6etLT04mEGBgW7FfmfgVhQyICLHxm+E7zLy9bPP5Rk6tHvxkdmNSqtZVMmp4M6uO65q+0yi3BGzNFNc9cbtXc6ZxPHdAVTRgDlz1rN9eqV6TAxc96x5jZZXb7xX8F4bOg1WrxXlQwOzubn01NTeFHJb1ypSulrEhpYWHhw4cPcWAcsqSkZGBgQKPRqGWoQllfBZ5MtQ6Hg5y0gnYit+pS55qaGvXEJpyTSJDSrq4uFJ1IaDFU/r1Rs80ILT0lcjS+qqpqYmJCCTy9YyumjeSj4rhxbW0tccrcryBsYESAhc8PZ8Eu35LW7hkxuTbPM4FXp/YFe0twaejskcX7PQvyfOANmS61aOK65p8O6atnzE1z1k048Uvq0jmGjM45u8ftX/qgdxEKgvC2oKMY5sLCwvDwsFrzOS0traKiAie0WCyhTL8GS3S5XGo2uLGxMTEx8caNG9HR0RkZGZ2dnYuLi6F8r4LmzGYzBcmJeT579owW09PTc3JyaL2lpWVkZAThpHKr1Yono6Oo6ftP+YahQipHs4n5yZMnDQ0NNOd2u9VWv9+P/XZ3dzMImZmZvNBqtcT8bvPbgiCsC0SAhS8C39KyzePX2DzdOsfmdGASDlw1Y8kdXXzUG7glOLo5cL/oGomStO5S6KbfjrmHvQtZI4ayKTM7enPaL6lX75ixeizuwP18oT9+QRA+B8pLBwcH6+rqCgsLi4uLsdOOjo6xsTF0UVloKOsLkFK8cW5uDgfOzc19+PBhUlISNos89/T0zM/Po69KlVHi2dlZqhoaGurt7W1vb0c7qV89x4gX9fX1ra2t/f39MzMzH+QW31dCtQSDYGPajx8/Jloi12g09E5lcDqdyDDh0f3nz58rN36f25sFQVgXiAALXwp89S26fP0GR/cmWw56dcKLGuesFdPm1AHdlVYNDrzGpiStuxQVfNhvcr+uaMLEzt206kvqDN79a3T5ZPZXEL4EcE4s12azTU1NVVdXP3jwIDExMTMzEy+1WCyvuwiZUoglkoxYZmRkREZGnj59+tatWzgtbkwpg8HQ19dXWVlJVTgnnky1eDKa3dLSouaZqQHUTC+Eqv7QoLJ6vR6zPXLkCALc2dlJ2KubQ3e7urrYlJCQgKibzWaiCm0TBGHjIgIsfEHYvf5Zm2docdM9Fnh1atXa0KTSSVPmsP5+T+ApwXJF9DpN7LgrrbP3erRPh/TFk6a62cDjjtbs7k2VBhedM1Y3f+aiv4Lw5YCyWq3WmZkZVLC2traoqKi0tLQm+KgkhNb7mgWoPB4Pujg0NETO3Nzc1CApKSlqTjgvL6+ioqKhoaGpqamtra27u3tgYGBsbGx+fh77pc5QLR8N1Skazc7OTgtCGKuvfHY4HFqttrm5OScnp6SkRG2lUx/PxgVB+HIQARa+ILxLy5wcT1ncm+2ZwC+nNq2ted6aO2pAn5QDy+XQ6yixs6KaNey4uC5tzuhiPeo7v6nVl9Sls/OnbXL58N/QH7wgCF8Ys7OzOGFmZmZiYiJa29rauri46HQ633BPLKo5NTVVVVV1+/btQ4cOff311wcPHoyNjVUrRRsMBpfL9Ynvp1XT2vh2QUHB2bNnHz9+jKibTCa1FcUlZlQc6UWPHzx4gJ/b7XaZ+xWEzYMIsPAFsbQcuBl4we4dXHRuwscCr07tQQeu1ViKJoxpwdWhL8oTktZPutyqie2afzyoL5ow1Wgs2G/75nvY7+rEn3O/walzeD3+ZXn2ryB8sTgcDr1ePzEx0dXVVV5ejkDm5+c3NTW9YX0sZZv45ODgYEVFxaNHj27dunX16tUnT57U19fz/ieeViUeo9HY29ublpaWlJRE/D09PQQfvu+XPk5PTzc0NCDGWDo5sXSUWOZ+BWHzIAIsfHFY3P5pi5vT5TXn0JsztczbSqfMT4cMCNVVNRUsNwZ/qUmtd8Vuiu/Wpg/pSydNbdrNu97V6sSf86TFbfXIBIsgrANwSIyxu7u7pKQEjXz+/HldXd3w8DBurB6V9DpXNJlM+GRxcXFCQgJ6ScHOzk5sE8NU62OF8n00sFxiwHjx3jt37qSnp4+NjYXVnX45nU6NRoP95uXlESGe73K5ZO5XEDYbIsDCF4fXv4wDj27WRyKtSe1ae3PwCUn548bkft31tjmZCv5iU3TzzI322ZQBPTurRmNhx4n9qjRudsuDfwVhHaHuoZ2fn8d7a2trMzMzs7KyioqKBgYGFhcX2RrK92twY5vNhierVbUwzLt37yYmJqrLofHPUL6PhlrUKiUlJS4urry8nEZXP1LY7XaPj4/TndTUVCx9YmLCbDYTlcz9CsJmQwRY+OLgm4gT5VmbZ8Dg7Nr0NwOr1Kq11c9aCydMjwf093q0N9vnLrXIXcFfUGJ33Gifu9c9/3hQVzRpYme1be5rnsOJP+E+vWPO7gle/CxnmYKwnkAdEcixsbGamprCwsJnz55VVla2t7ejkQaDwfOqRyUBPklBSuHAGRkZycnJT548KSkp6e7unpycNBqN4ZWoPiBOpxPxbmlpQdRpMScnhwAIXkVISPg8Wo795ufnFxQUEAxhfAInFwThC0QEWPgS8S8vm9y+aYu7V7+p7wRendq1gcuhG+fQYGPqgO5Wx9wFWR36i0nsjuR+XeG4sWHWEnjMr9jvi4T9TphdRpdP3FcQ1h14I4ro9XrVfbPoJUKblJSEZLa2tprN5vCNtWugIKXwz4WFhc7OzsePH8fExFy8eDEzM7OrqwsHDuX7cNBQU1NTYmJidHR0VVWVVqtdvfgWL0ZHR8vLy1NTU9F4jUbDVpn4FYRNiwiw8CXCl5LLv2Rw+oaNrk2+Gtaa1K611c1aSgIPSTI86luI6Zi73CpTwZ8nRTUHFrtiFzzsXcgYNgQedKSxyE2/q1Onzj5idOkdXqdPplkEYR2DK9psttnZ2e7u7pqaGvWopNra2p6enpmZGUQ3lO/XUApDVpclI5/Ic3p6Oj/Lyso6OjqoLTxD+z4oOa+rq1NPYFLXNq+e3TWZTNgvVpyTk1NZWdnf3/9pbkgWBOGLRQRY+ELhq4mT5qnAalgOuRl4TUKxmuZsZVPmlAFdTOdctFwO/ckTA36pRRPTOZ86oCudMjXMWtfsI0nYb4/eMW1xu32Be+xCf9iCIKxz8MnOzs7c3NyYmJi0tLTq6uq5uTm/349wvsEq8Wc0NS8v79KlS9HR0XFxcfX19RqNRpnqO+soZbVaLVr78OHDM2fO8MLpdIYXtaJaMmC/+fn5jx8/Ro/RdVFfQRBEgIUvF+/Sssnlw4FlEvjl1KYNXA5dPmV+Nrb4eFAf363Fx6JkgeiPny40z1xsCTzlKGVAx+CXT5sb5uQxv69IvXoHf7xGl88v+isIGwiUVa/Xj42NdXR0VFVVFRQUlJaWNjQ0jIyMLC4uvm5FZbU+1uTkZFtbG/mzsrIw0szMTF4PDAxYrVYyhLK+NS6Xi0bLy8sfPXqUkZFBDPitb9UDjXD1/v5+MqSnp9fW1mLCxKA2CYKwmREBFr5c+Arz+pcNTnks8JtS07ytcsaSMWyI65q/EVwcK/CopJe0TdJ7JoaUgWV4r7fPYr/pw/rSKVOzeO9rUpfOMWx0Lrp8bvQ39ActCMLGYWlpyePxDA8Pl5SUoJdPnjxRVxerJx5hoWQIZf01bNJoNI2NjYmJiTExMbGxsSj00NDQ/Pw8dooGv+UMrXqgEa0nJCTEx8ej4qsX5cLDCQM9zs/PR7ZzcnLGx8fVJkEQBBFg4YuGc2eHd2ne7h0xutacYUtSqS34nKQazYsbg3sXbrYHHpUkDvwBE4MZ1ay52THH8DLIJZPG6hlL05ws9fzq1KWzY79zdo9TLn4WhA2KuroYZUVc0dempiZUMzc3t7CwsLOzEw12uVyhrL+Ggrjr4uKimg3Oy8tLSUnBYNHU+vr6hYWF1VO4r4Omke3nz58/fPgQ9+7u7tbpdLwZLmi1WgmjuLhYzf2q+43VJkEQBBFg4UvHt7Rs8/o1Nk+v3iFPRXpdag9eFF01Y8kbMz4e0N3r0cZ0zF1tmw3MBst10e+aGDoGkGFkMO92axnYvLHF6hlzq6x09foUeO6RwcEfrNXj54839GcsCMIGBe3ELWdmZhoaGnBgdVVzR0fH2NiYXq/HdcOzsi9jNBp7enpw5gcPHiQkJDx9+lRdSo1UY7Cv02CLxTIxMaFKpaWl1dXVkTm0LRiPyWTCycmAkJeVlRFJaJsgCEIQEWDhS4cvQP/ystHlGze7OLFec7YtaXVCzJrmAk8MLp8y54wuPupduNY2e7FFnpb0jomhu942yzBmjRjKpgKLPDO8Yr9vTr0Gx6jJZXb7+LMV/RWEzQDO6fF4bDabRqPp7OzEPLHZ7Ozsmpqa2dlZNr3uw8Dn82HIaDDZqqurk5KSYmJi7t69Sw0Y7OvMua+vj5z37t1LTk7mNfa7+sZjt9vd3t6O+qLTBKDT6XgntE0QBCGICLCwPnD6Ak9FGjMHnooki0L/ZmqeD8wGF4wb04f0CX0LsV3zmLDcG/w2KXiv7wzDxaAxdAxg/rixctrcPG9t18odv29K/GF26ez8keqcXpc890gQNh/YrFar7e3traysLC4uLioqqq+v7+npmZqaMpvNr9Ng3seEJycnGxoanj17lhYkPz+/ubl5ZGREr9eHr6Y2mUxUzqa4uLicnJyWlpY1jxQmMxlomq11dXXj4+PvsLaWIAgbHhFgYX0QnAdembN7+w3OLlkQ6y1Se+ChwYE7hCumzVkji3e7tVdaZ2WZ6N9M6um+93u02SOLeG/rvE0e7fuWCfvt0Tu0dq93aVmufRaEzQk2u7S0hHYODg4iwI+ClJSUoLJvuBYaVCkUF2FOSUm5evXq6dOnMeHOzs7FxUWVhzpjY2Nv376dmJjY39/v96+90KSjoyM5OTk9PR0DR4bf3KIgCJsWEWBh3cC3nMUTuBkYB15z5i3pDalxLjAbXDhuzBoxpAzoH/Qu3Omcv9o2e6FZLo0OpQvNMwzI7c45vDdlQMdAFU4YGbSmOauo79unwUXnjNXDHyn2K/4rCJsZvNRoNI6Pj7e3t1dXVxcWFpaVlTU0NAwNDa2e0V0DpTwej8Fg6Ovrq6mpyc3NzcjIePLkCSJdVVWF0z5//hydzs/P7+3tDVuxQqfTtba2FhcXZ2dnNzc3T09Pv64VQRAEEWBhPeFdWub0eszk6tIFrrdcc/4t6c2pJXhddN64MW1Qf7dbi/Jdbg3cIRy1KRfKost0nO5fagksc3WvW5s2qMsbX6yaMbfJpc6/M6mLnyfMbpvH7/WL/AqCEAChdbvdGo2moqIiPT39/v37mHBPT8/CwgLvv3m1Z5vNNjMzg9DeunXrxo0bV65cOXfuHK9zcnIGBwdDmYL4/X5ct7u7OyEhITMzE9/WarWhbYIgCK9CBFhYTywtr7j9Swt276gpcDPwmrNwSW9O6oFJdbNWHK9k0pQ3Znw6ZEjo06k7hDfV1dHRzRp1l29i/8LTYX3e2CIDwrDUzVoYIpn1/b2pR+8YMbkWHHLxsyAIv4DfLi0tORyO+fl5rLW5ubm0tDQ3N7ekpKSlpWVubs7pdL7OgdFju90+Ozur7ihOTk6OiIi4ffs29ZjN5lCmYBM6na6urq6goAA3bmtrw36pNrRZEAThVYgAC+sM//KyzeOft3sGAjcDrz0Rl/SWCcdr09qqgwtlPX2xUNbN9jm08HJrYF50g/kw3aFTl1tn6SDdjAsucPV0OHCpc43GEljYWWZ93zXxZzi4GHjqr9Ujk7+CILwapFSv17e2tqoLm58/f46sjo+PGwwGDBmPfYMJz8zMlJWVnT59Oi4uDm1WqzqT3+v1Ury7uzs9PZ1qm5qa2KpKCYIgvAERYGGdwTekP3gh9KTZ3S9PRXqPhAO3zNsa56zBOWFL6aQ5d9T4eED/IPgMYVxxI90kjNXTKbqWNqh/Nqrmey10nO7LY43eJ3Uu2Pv0jkmL2+aVp/4KgvBaloKPSrJYLDgqylpRUZGZmZmdnc2L0dFRVPZ1C1Yhui6Xa3h4OD4+/v79+83NzfPz87zv9/uNRmNVVVVWVlZ+fn5HR4fJZJInHgmC8DaIAAvrEo9/yeD0TshTkT5QatcGZLhWYy2ZND8bW3w6pE/p1z3sXbjbrY3tmkcdr7fNXg7eLbxGLL/AFN0cmum91TEX2zlPF+gI3Xk6ZHg+ulg6aarTWOmsSO/7J/70evSOcbNb7/R5xX4FQXgLEFe9Xj84OFhdXV1QUJCXl1dbW9vf3z89PY3QIsmhfL9Gq9VmZGQkJSWVlJQgzFQyOzvb3t7+7Nmz58+fY79Y8evmkAVBENYgAiysSzjZ9vqXdQ5vv97RLRdCf4gUvCja3qq1IYfN87amucDdwmVT5uCtwvqE3oXbHfOXW9eBAF9tm73TNf+od+HJoP75qLF8ytwwa6U7dIquBa92DnR2TfclvUPq0jkGFp0Gl8+z9lkkgiAIrwV9RXSdTufU1FRlZWV6evrdu3eR4Z6entX3967GYDCgvura6b6+PpfLVVVV9fDhw8LCwu7ubovFQp2hrIIgCL+FCLCwXuGE2+bxz9o8w0ZnpzjwR0j4cOOctUZjwSELJ0y5o4sZw4bHA/rEPt3DnoV7Pdr44PzwrY7AncPBNaU/xZ3DUcEJ3iuts1dbg3O8XfPx3fME87B3IalP93hAR5DPxhYLJ4zYe03gUUYy2ftRUueCfdjo4g/Q7l2S2V9BEN4Bm802Pj7e1tZWXl5eXFyM4jY2Ng4MDCwsLKgbg0P5VlZMJlNdXd2zZ8+ys7PJTBEy5+fn48w6nc7r9YbyCYIgvAUiwMI6xre07PItaWyeHr1DHPjTpNbg0lklE+b8cWNQifVJ/Qt3ewIWGtMZmCJGUNHgNenCO6U1lQSTBvWN6ZiP7ZyP79Km9Osyhw05o4sEUzpprp2xtMkNvZ8kYb/dOruyX7n1VxCE98Hj8eC3qG9aWtr9+/fT09Pb29vn5+d9Pt/S0pLSYIvF0traivE+efIkKSnp0aNHpaWlg4ODVqtVVSIIgvD2iAAL6xi+Fjn5NgfngQcXnWvO0SV9jNSutTfP2RpmrXUaa82MpWrGXDZlKp40FU2YCiaMz8cWs0cCE8VPBvWpA6GEpib2LTzo0d576/SgV5vYv5Dcr1M1PB7QUyHV5owsPh8zFoybCicCLZZPmQmgRmOp1VgIKfAEI+3agCV9jMSf24zVbXZzfioXPwuC8F74/X63263VatWjksrLywsKCsrKylDiiYkJh8OBCev1+qKiopiYmOPHj9+9e7e2tnZkZARtlrlfQRDeARFgYd3DKbjNuzRlcffKPPAXkFq1gZWlazXWyikLqWIKQzYjq89GF3NGDW+ZEOmiSRMFVSWV0wHFpdo2eVjR5078ifXoHfy5Wdx+eeyRIAgfEETXYDD09vY+f/78yZMnaWlp9fX1k5OTOp1ueHj40aNHJ0+e3LlzZ1JS0vT0tM1mCxUTBEH4nYgAC+ue5eUV79Kyye2bsbr75MFInzsFF9MKrqQ1F0pNcwElrp+11s1a3jKRmSKBlatUCq5fJZc3fwmp3xCwX6MrsOyzXPssCMIHZHl5OfyopL6+vqqqqoKCguzs7MLCwvT09BMnTpw/f55fMWQ1LRwqJgiC8DsRARY2ApyHe/wBBx43u3BgeTCSJEkfPHXq7L16x4TZtejyuXyvfmKnIAjCB8FsNo+MjNTX1+fl5RUVFeXm5t65c+fp06fj4+Ny368gCO+JCLCwQVheXnH7lzk1n7S4u3QyDyxJ0gdOPUH7NTi9Hr/M/QqC8HHx+/0ul8tms5lMJmTYaDQuLCwsLi663W554pEgCO+JCLCwcVhaDiwKrXd6R02BeeA1p++SJEl6t9S5EJj75c+KPy5nYNmr0F+cIAiCIAjCukMEWNho4MC6oAOvOYmXJEnSu6UuXeCRv/N2j9svVz4LgiAIgrC+EQEWNhq+pWWnb2nB4eWUvVcv88CSJL1X6tE7BhedWrvX7vX7ZfJXEARBEIR1jgiwsDHhZH3e7hk2OuXBSJIkvXPqDD7yd9rqtntl7lcQBEEQhI2ACLCwMfEtLTu8S3M2z9Cis1vWxJIk6fcn/nD6DI5Zmwf75Q8q9KclCIIgCIKwnhEBFjYsnLBbPH6NzTO46OySeWBJkt46dQbv+x1YdE6a3Wa3X9xXEARBEIQNgwiwsJHxLS3bvP5pq7vfIA4sSdLbJv5Y+gwO/nBsHr9X/FcQBEEQhA2ECLCwwcGBjS7ftDUwD9wja2JJkvRbSc39Tlvc/OH4l5Zl3StBEARBEDYSIsDCBoezd/9yYB5YYw3cD9z50um+JEmSwqkzOPc7ZQnM/cp9v4IgCIIgbDxEgIVNgXdp2eLxzwXXhZZnI0mS9MqknniksXlMbh9/MjL3KwiCIAjCxkMEWNhE2L1LQQd2yTywJElrUviJRw6Z+RUEQRAEYeMiAixsIjixx4EXHN4xk0vmgSVJCif+HIaNrnm71+aVK58FQRAEQdjIiAALmw6Hb0nn8I6aXD16h0wFS9rkqVMXeN7viMk1Z/c4vEuhPxJBEARBEIQNigiwsOnwLy+7fEsGp2/S4pZ5YEmbPPEnMGZ26Rxe/ij8MvcrCIIgCMJGRwRY2IwsL69wur/o8k2Y3f0GmQeWtBmTetjveNB+Ze5XEARBEIRNggiwsElZWl7x+JfNbv+M1d2jk3lgSZsu9eoDjztadPn4Q5CpX0EQBEEQNgkiwMLmRTmwye2btrgHF52durWGIEnShkxdOvvAohP7Nbp8Lt+SPO5IEARBEITNgwiwsNnh/N/pW9LYPN16hziwpA2fOhfsPTrHjNVtccuCz4IgCIIgbDpEgIXNzvJywIEtHv+szTNsdHbrAoawxhkkSdoAiQO7Sxd43JHG6jG75cpnQRAEQRA2IyLAghDAvxRYGhoHHjA4e3SyLJakjZY4pLv1jr5F56zdY/cuydyvIAiCIAibExFgQQiwvBxwYLvXr3d4J8yufoOjSy6HlrRRUmDBZ71jwuzWO33KfsV/BUEQBEHYnIgAC8IvoMEe/5LB6Z2yuAcWnT3ylGBJ6zypiV8OZmW/XlFfQRAEQRA2NyLAgvAr0AOvf9nq8c/bPaMml1wLLWldp26dY8TkmrN7OKTVTb/iv4IgCIIgbGZEgAXhFfiWlm0e/4LDO2ZyDRicXbIylqT1ljqDzzoaN7u0Di/265eHHQmCIAiCIIgAC8IrwRWWllfcwangaau7Vy+3BEtaTwn77dE7Zqweizs08SsIgiAIgiCACLAgvJbA5dBLy2a3b87mGTO5+mRlLElffOIQRX1Hg5c9m8V+BUEQBEEQfo0IsCD8BkvLy17/ks7hHTO7evXyhCRJX27i4MR+hxadHK6y1LMgCIIgCMLLiAALwm8QvBx62elbMrp9GptnxOiSeWBJX2Dq1jmGjM4Zq9vo8nG4Yr/iv4IgCIIgCGsQARaEt8W3vGz1+ufsnsHgE5I6ZWUsSV9GUnf8Yr+ztsBNvzLxKwiCIAiC8DpEgAXhbUErfEvLDu/Soss3ZXEHbwmWBwVL+sypS2fv1Ts4IA1On9275F2S5Z4FQRAEQRBeiwiwIPw+lpZXPP5lo8s3bXUPGwN3BcsV0ZI+S1LqO2x0Yr8ckG5/4LJnQRAEQRAE4Q2IAAvC72Z5OTAV7PIv6Z3eCXPgIUlrzESSpE+Q+gyOcbNL7/A6fUsckDLzKwiCIAiC8JuIAAvCO4JuIB6LLp/G6hk1ufoNzm65IlrSR06dgYlfBwfbmMmlsXkWnT6nd0nkVxAEQRAE4S0RARaE9wL3cPuXjC7fhMWNlqzRFUmSPmzq1AUmfjnYTG6/2y/iKwiCIAiC8PsQARaE9wIBQUNwYLPbr3V4MZPBRWeXLBAt6UMnjqiBReeE2c1hxsGG/XLghY5CQRAEQRAE4e0QARaEDwZOYnIHFsfqN4Sek7TGYSRJeofEgdStc/TpHdPBxa48fvFeQRAEQRCEd0QEWBA+GP7lZeTE5vEbnD5cZWhR7gqW9L6JQ2hgMbDO86LTx6HFASZLPQuCIAiCILwzIsCC8IFRa0SbXL5Zm2fE6OozOHAYuSJa0u9KarErDp4Rk2va6ja5fX5Z6koQBEEQBOG9EQEWhA+PcmCnb8nk9qPBQ4uBK6LXGI4kSW9I2O/AopODB/UNPeUodHAJgiAIgiAI744IsCB8LFAW79Ky1ePX2r2T5sDiWL1yY7CkNyYODw4SDpVxs3vO7uHg8chSV4IgCIIgCB8OEWBB+IigLkvLK/6gBs/bA1dEd4sDS3pNCix2pXeMmlwcKjav37cUuN1X7FcQBEEQBOEDIgIsCJ8C79IySmNw+ebsnkmLe9gYmA3uEhOW9GLWdyj4iKNZm8fg9HGocMCEDh1BEARBEAThwyECLAifDpzGtxyaDR5+cUW0rI+1aVNwpSt7j94xbAzc7mt2+wL3+or5CoIgCIIgfDREgAXhk6JuDHZ4l0xu34LDOxWYDXahQDIbvKlS4GpnnWPIGHi+EYcBB4Pd6/cEFnqWa54FQRAEQRA+IiLAgvDZ8PiXzW7/nN0zanINBFeK7pIHJm3oFJ7yZXcPG11q1tcjKzwLgiAIgiB8KkSABeGzsRScDXb5lmwev97pm7F5howBDRYH3pCJ3RqY9V10zlg97G52utO3xAEgd/sKgiAIgiB8MkSABeHzgwG5/cvm4L3BE+bAEln9BqesF70xkrrauc8QuOB5whxY4dns9rv9S6F9LwiCIAiCIHxCRIAF4Ysg8LSk5WV1e7DR9cts8BqbkrTuEjtxcNE5bXUbnD52LruYHS0XPQuCIAiCIHwWRIAF4csCO3L7lywe/4LDO2P1jJtdQ4vOPoOjW24PXidp9ZTvmMnFTmRXmt1+l29J7vYVBEEQBEH4vIgAC8KXCJ6EK7n9wWcm2Tx4FELVpZMJ4XWQ2E39i85xs0tr91iCVzvL2s6CIAiCIAhfCCLAgvDl4l9e9viX7V6/ye3TO31zds+kxa2WjO4WGf6SEruj3+AcMbmmLO45u9fg9JlDTzYKXPAc2p2CIAiCIAjC50YEWBDWDcHHJgWfHmx1DwUfm4R3dekCywuv8TFJnyB16gLPNGIXsCOGjM5Ji1vr8Fo8fq9c6CwIgiAIgvClIgIsCOsGxAoHdvmW1JywzuHV2AI3CQ8YZEL4U6fu4LN8GfxZm0fv9LI7bF55rJEgCIIgCMKXjgiwIKxLkGGvfxnpCjxA2OoeM7kGg2tlqWlheX7SB0+dgZt7A0s6M8gM9Zg5sLoV6mvz+H0ivYIgCIIgCOsEEWBBWK8sB5+cpOaE0TCjyzcXmBB2o2d4mlwX/QETg9mjcwwanOMmF4PMUNu8gVWdA7f4LskzjQRBEARBENYNIsCCsBFQV0ejwYsu37w98PykCXNguaxho3PgxVOUumRa+O1S4DlGwZlehm7Y6GIYGcwZq3ve5jEEp3zlOmdBEARBEIR1igiwIGwQMDKszL8cmJPE0Ny+JavHr3d6Z4P3CQemheVJwm+RlP0yXEhv4P5el8/q9bv8gZt7GViGl0EW+RUEQRAEQViniAALwgZEyTDO5gxqsNHl0zu883aPxuaZsrjx4WFj4FlKvfpNvYg0HUd3e/SOAYNz2OgcM7kmLW6N1TNv96p1rRg6WddKEARBEARhIyECLAibBSQOl3P4llA7rcM7bXFjfUEHDiyaFbDBF2mNKG6YtLqPgZlenaPH4GAQJs2By5sXXYEn93rlub2CIAiCIAgbFxFgQdgsqGlh39Ky27+EBts8gWcpGZyBBwvP2jxTVre6bXjI6Ow3BMS4e0NMDtMFDJ/u9C866RodHDe7piyBy5vpONKrZnod3iW3bym4nrP4ryAIgiAIwoZFBFgQNjXonrpS2hxcQEvJ8KQl8FylYaNzcDEgw32GwIpQOGRPMHXrQktqqXnjNcL56RNhoLgqKhVhL9EGYyZ4uhC4vBnptbpn7QHpxfnNbp+6tjk0CoIgCIIgCMLmQARYEDY7aKB/ObBulscfmBzGDB3eJbvXb/P4rS9miXUOrzawuLR70uLCjUeMrkEjYuzs0n/mZw7TOmEMGZ0jJheWG7iJ1+aZJ1qHV+/wIrp0gY7QHYcv0DU6SDfprFrOShAEQRAEQdhUiAALgvAmsET1qGEE0hKcJdY7A3o5Z/dMWz0TwSW1Rk2BhBUPGwMu+qu0GJiDHQjMJDt+TwoUoSDF11RIE7guzeHhJFqfsXoIJmC8Tq/R5SNI+wvXFcUVBEEQBEEQViMCLAjCb7C8HNBgNVHsWwokbzCpGWNSQI+9wZuKXT4M+VcpOHscXIA68Cjdt0yzNo/W7qUgxddUGLhlNzidq5omqRldkopNTe2S5GZeQRAEQRAEYQ0iwIIgfAACehxQ4sBSUqsTbuz0BS6otnj8FrfvLZM1eNFyYBb3pYTu+uTqZUEQBEEQBOGdEAEWBOGjg66+QxIEQRAEQRCED4sIsCAIgiAIgiAIgrApEAEWBEEQBEEQBEEQNgUiwIIgCIIgCIIgCMKmQARYEARBEARBEARB2BSIAAuCIAiCIAiCIAibAhFgQRAE4bX4bAu22b6Rvr7uvokpo9PsDTzy6tOx7FvxGm36ydHuzr6Bsb55p8HuC20S1j1Or0unHe4faulqbxkdnjSYlpbdoU2CIAiC8LEQARYEQRBei328brL42oNr185dTcvpnh+wrniWQps+BX7HiqVnsvlpwoXT126lXKuYb512hjYJ65vllZV5q66x+t71uwfORhxIuJ/Z2uvzG0JbBUEQBOFjIQIsCMJHxb+yYrbpR4drKxuLioqL3kBxUVVndYdGY3K6V1Y+pWQJb8A2UjH2LPLW2cgjZx+mtc12Wz6xANtXTO1jdUmxx/ZHRt2LLJytn3CENglfDl7zkm18rKuxtqSirLq3uV+rd3o9oW2vYdnvMXRo2h6nRF29eOzOnaTq4s6p2aUle2jzp+VV8ZsXp/W9JZ11RSVlFc1D82OmFYc3lP3NLPnclumuybai2vKi6uauzjm39k29svvcc9NdzW1FReWhT8K1lNU01w7pxwyeT3rxhSAIwsZFBFgQhI8KMjsx25eXfeJw1Jaftv60deu27dt37CCt5eedO47fO3m3oWHcYA56s/AlIAIs/DaOCd9sYcG9qJM79u86nnTpcXufwW4NTvK+hmX819yX35MRdelU/PmY8lqtZe5N+T8yr4p/aqimL/nn+DM/7dhz4FJmy/ORZd1bHXrLPqd5qvJuyY0tJ/b9dOzy/XvNlnZtaNsqlpeXlpZ8Xr9PY12sr7h35da27Yde/ljcvn37tq17T10+ldVXMGD1iQELgiB8CESABUH4qKwS4J3Hth6+c+1hVn51dXn1y9RUN/U392vnLS7PZzwVFn6NCLDw2/xeAfYY/Kbejuf30q6cufmwLKVSM27x2L8wAdbPdi5WXU69dmjrzn0H44vv1ulnTL8xqx3E4rYNdaTfTD6y8/CO05ExuQVT9rG1l+37VlbspumewaLHZZl3k5Jv37n/5G5iYUFRReiz8AWVpQVFyZcfJ8Zeyh8UARYEQfhQiAALgvBRWSXA+6K2ni3MqJ/Qr6y4QluFLx0RYOG3cWr8CzXVT+/dOhN97nrug/z+UZPzNULLe37v4oClPyP77pULpy4nlg3Va1Zsb6OWH49Xxm8eXR55+vz+uV3bd287n3Y+a2Bowe79TUv3zTj01aVx0Ze3HtizM/5qQn2H1cUn3gso7fW5jTb9cF95RvbZfddPHj52LvpyZkNWt3nBunaBN7/TZO3P76vPTqmfqB6z+0WABUEQPgQiwIIgfFREgNc3IsDCb+N3Lrv1+pnx0f7BgZHZiXmLzet/zWrdKKRF21PS8ujU7TsPTz+sqh3QGZwrvk95UL3MK+P3zq/YGuqe3Lz0084De26fjqmqmzbqyBsq8xqMfdbex6nXT+7bfWzb+Zw7BUNzDi8fgi+g+1rDVGN9Ulzi2Sundl+7m5JXNDDYoTFozF63b63fLvu9Psu8xTA7ZbDr7b5l8V9BEIQPgQiwIAgfFRHg9Y0IsPBBCQpwf21rWkz688qkes0U+vuFYl1ZmewrfPj4wPaTO04fO5eW0zc/5FrxvtFC3ZN1c6WX71w4uuPwhSPJDU87dDb3L8q85LM5Dc0D1QkPjx6NOnjl5MWiZ80T0ysrn2fpL0EQhM2KCLAgCB8VEeD1jQiw8EFBH/1ep9Vu0C6aLHqbx/2ZJ3/fAOLqnml8Wn3zp+hDPx84dS2+arJ+fsX1xilgfdfzjsQ9VyOOHjwd/6B2vHnB6/L/Yswem05T/6Ds7tFTe09E3cp82r3Yp3d7ZNF7QRCET4sIsCAIHxUR4PWNCLCwmbGMVQ3nn4uP3HvoaGTk087cPpv9tX8AfNYZx6pSC87viDwaFXE1p3BgYcL5YsZ4eXnFrrWMN1SmnI85d3jPybsxmc09Rr/h8978LAiCsCkRARYE4aMiAry+EQEWNjPL1mHrSE7WzTMR+0/siim7Xz1jcb7m7uYV48pKf3t2/L3tu44dvX/2YVOrxmwOz+4u+1fmmrS18THnD289HPnT7crk+hm33NUrCILwORABFgTho/L+AmzzuqfHW2oasrLys1aTnZVVVVjaN7hg4cQzcE7qNa/YR8c6aiue5Ve0jrbNWCwunVHT212QVxEq8oLCiqzGic4py9KbVlVdXnHrHAu9XdWlxVlZuaGSAXLzCmp6NYOLK4E1Ydew5FlxzS5OdjQV51dUtVQMW6aMi6vjzytvKBtYHAvP+/hcK8aRhcG60sLnodp/gewNNS3j026vLZT7BX7HimNqdrCpKienor6nbty6YDPYjSODVaU1vw71eWFp3eDCiHHF9bqTdp9txT4+1VNfvnZ4s/KrWsqHLX3NRW8hwOxlvX6iqyM3pyxUOkxeVlZZbcfYqH3F/PJw/Sa/KcAu44que7ht7R4OUpKV1do2rNW91z9cGDi7capnuDyras0ABaloG+7WrRjXNmBfWpqb6qxv5FgLZQxT8Cy/rnV0Ycb5qotpf+v4CZOdk1vVNdGnX7Ew9q/E71pxziyMttblPysIFQpRWFHfOGGbsqz86vD32lcWBzW9NQV5uVkFtTlVo4OzZsZ6bYw2jXu6uaWmOCu/NKthpGXc7PYurXiNS5bhoZaqivziio7JrlmX4xVHCbt/8dV/j1kc/KVVLUPDliXjKw+StfWbHZ6FVx5vxTUtzdNuzdo/mN/iDfF7tc6FpurEyzFHDu8/mXors2vU5n519c7pFW1JWdLlUzv2HL2SdTN/bFjvYOeEJoCXfJa+/N6nEZcidu46celUVn/hgO29Hmu0en+thYOusb5zam5pae3dxS/+3iv46GgabJowLRqm1fFGGT5Sg1BhTWnV4IjRrgTea5yyDJe3rPkDyK/KKh/umTLSxOs+XQRBEL5MRIAFQfiovIcAL/lWfE63c3xhtqrk3vWY3ftO7D/wAl7t37PzyonT2QX9sxPBZjjdX9GVVSRfidy5N/Je0f26sdHZrsH6rPSTEVfCBffvP7B3157j57feKnlYMbpocbm8fs7w1pyHLvu9S26rU9s22ZqWcOnsiV17D1FQsW/3kSNHrqTXZvXYJ42BhVt/NYnzK2G7G1k4UzM0YJ6vLI2NurZly94tW/acvXX62VjFiDqFXlp2LXoGi7tyb507c3xfqAHF/v37ju3eceNKXHGVRj/h8nBC/su9hB7DiqG+PS8uavu2yOuPr5aOt471TvaX5F+Pijlw4EiwOIHu2bnjwOHjV7Na8gYcWtsSnvIrlpeWvE6Padw6WVTxJCZy175je38ZpgMH9h6/ev98znDes4zup2eunT77agFeXlr2urxOrc3a2V6acn/3/vN7ftWP/fuO7tt19npiYd64ZXjR7fAu/b5HubxJgKnH7zeMutrTihIv7aHDoTYh0P29u8/u2hb/MLe53erQenx0//c0HOjait/tdRmt1oneiic5kbsuH9tLE+ExYoAP7Pn5UkrJk4GVCUQhVMi35HG4HJPGxfryxJiYnXtP7vulBOzfG3HkyNX7ha1VM/Y52xuPn/Oxkc9HK/r6dXP1lY9uxR84cDJYQbBrP+/+eXtUYvGTLtvYos/jD1xg+wtU6XN7bXP2maqWgnuXDx06vvvF2ASP/5PRN2JKxypGnRbXkjd8VDkNK5Olnc9vnjq8++dDl7afy89pnpz3r7h+qZkd7/NONy5U3om7GLHt0Lndd6uSGmatLl/4ObqR+49FJtU9bjcZ7KvEWcXj0tlt3b216UlHjkSH4wmyf9+RfbvPXL6XkzNs7DME5HOtGYbr33c08mF5UsPIpLaruyL98ZHDl17UsX/f7t07tkVcvHOnUlM/6Xby4bHmgH8Db4rf7rFP9D27/fTM/qM7r12ML69bdM6+quYl/YCv80HGnVPbdh2MSKhIajPNWcJiuLzsd2vqk6titkQe3Hro3K24Wm3T3Kq/6N+Nf8k27+7La8q4ERFx5FejyXDuPbF7e8ythIr6Rcu0y8sf7C/D6dKu6KvqM25Fbt0eeTvrdtlwT29dX/XjB+dOnT1w4GCg9N79e/ft3H7pxLnsvJ7pIZvd6rToBquGn0c9uBYROv737+NjcPeRi9tO5zyuGJx0eKy+pbcfbEEQhM+OCLAgCB+V9xBg29zKTE1LWUr8ves372fcTassr25sCVHX3FSac/dp6tXs2uGXBPjnXZE3719JfZ7yICX7cVZucUN5bahYS0N1S8GD7IeXD565dPxaWnxmZ9OwzroSmJxajVs3bOzMrMiMibl5MeJq4sUHBeXVDaEaStNr06/cjr197l5WUs14y7TzVw8v+ZWw3Y4sHMjKy21Oi4o7uf/gli3bfyXAlDI6Fgd7Mp6VPsjIqa4rDjUAzS0t1dXFWWmXomLPXb4Sl55Z29drWVkM3y64WoBPRZ2PTbsVn5WcWlhcVV8XqoHxKc65Gx0bsSvywuWryYUFfeZh469m/PwOo320qrfsUVL8hetxD84/LMsqqg+VbqlpaXmWn5UUey4m5uzpa6f3HdwT8UoBXnLbHBP1QzUpT5JvXLkdf+xyZkpWeaiOIPWlz8sTLyXGXTt3+8H9ovbSIdvLDzt9E28SYIZDqxtsbbiTWpSel9XSUhlqE9hZFUXpiQ8jjsdcunMzqaCkVzNqX3G8cfmitXisK9qOsebclMTY69fjzp1/mJJVVBGsOkRlbkvW1bzq5tUC7DVrrAMFTUUP7969fOHmowu3n+UVM5i/UPs8tfD++Tt3bl1OyEqpe+Pxc/R05O2U6/EZDx/l5ZXUcAg3BSpgH5UXpMTcP7Y1KvL8ufinmc0zPboVx6ojGNt0TreM16VkJVy+fOPGgcvpd9NLg42Hjv+85OsXbsRdS6vI7DQO6wJ/OgH8bv7itL1lNSlnY6JObNt/ITavvW5+xfDL3yoH7cx4zdOiixHnTt04cj0nvWm8V+fwoHFvFOBQPA2Psx7funY7NuJK+qNwPEEaKgorUq6lxF85d+vu3fymggGrZs3VAuH6d+6JjI65GJseezfnaXZpVbPaHervJT3t0pEbp47gwPfyWmpmVubefh74TfH7fC7DXH1KVfzRUweOnrqRlj5g63+xu1djm2yeyTuREH30573nbzxrK53yGFzhPxX3kt8wWvYw78K2U3sPHI9+lNqh71r89Qz874DYDNa53o6UrJLE7Oz6hlWjyTFSVZGXnnI+8s6Fa5fvZuY2DQ9YV118ERbgn7ZGnr0cFZ8ek5T/OLeysr4peHQFDtDavLu3I8+f2BsddS33QVpeafnDjMyEmLgnGQVloeO/oaKlIiX9wc2IfZEXbmTeLxjo0pjtwbAEQRDWBSLAgiB8VFYJ8O7TWyNS7+fWdYyPD46vZWJiYtZgNbpWPIHTKE4MfZ65Lkvtncc3zmzfffJcWm1mn1VrC7uTixPKiYbWtqyqAY1uThnsCwE+u33HqcioM9fuXj7/IDmtqk7jnAk/acVrX5lrHqtKuBN1+PCxcz+dSH1U0jtg9ZnD06NL3hWfVd9b0pl64mbUiR0RV04m1qQ3zy2GL3deHLT1ZD6NPX3i5IkT90tT6qbnbL5frmVdLTCRlyIzKmJj76ZEHr124WxkVNSFqKjrD5/er9W0BQKij3r74kBzelVVevPAol0ffCsIwdht2p6+zKtp5w7t3h4R9bAod9I7YX0R5CoBRk4jTkQdO5189WF9g8akDZ2GMj66idonpTcPXjiw4/CZq1eKJirHPYHJ7gDL6K9DOzhWcifr9ok9h0+cvvc8sdU4tPDChVaQzOmpjoLCS6dvHNy7d8u27VuOvkKA/U63cWKy8kFe3InDx07sv5Jy4flw45gptDWIZ3HC1JFWnBB54sC2EzcfX8sf7pyxIRdve+r/JgHGzDRzAx2lt4oaqwbHV1YsofeBnWVe6CtrjTsUc/zIzr3Rt/M7q+Z8RvdbthoYH8/iqK6JyC/uO0DbD88nttYMLSA+v5iZZWplvHBwbKx0Muhay/4Vn8083jSQE/Xo2omfDpw+Gl9wt2p6XBcOOIBzpk1THZ9y/ehvHj+nd+87EXH22KkHZ66WlvTNaUL/NkL7TXOdhQ1xh28e38nOj8pofzboNjpf7BW/y2ebm65LKb1/gib2Rj88l91bNbgY2ho8/kcqH948u+9E1M0TqZ0lvXqrbyV8+HsWR0wdj/Lunty/bfv5uPykeuOwwcNhwfYlz5zXUlv7OOb6joNnotJv5vT1LdjQnkDRNwjkm+MJ4jVrzN1ZValRZw5uPXHtUVTOQNO4mb/1XyZIX9TPn/bJQ8ePn7xx9ExmYkHPsG8peLQRgt220NeXczM9at/BHVtPxqTfaXb2Lrz1v1reKPBLXod9qKA750L0sd1Ho2KvVWgbpn85CoKQ2bXQW9p8Z3vMyYjdR+4mVw91W1dW/avHuuSb7HkWn3Z0x/GfT526/PTZ0OKw430EWGua7a1PLK/J7Riyu1eNJpts5unW7tTziWcObfsp4vLjqoJpn8b+Ygf/IsA/ndp//MTZmBO3Cx+UDI2ZXRymgXD4sJypKk+4fO3Awb3bLx08GHXt2sHouHtnElurwse/17xi7h6oSH4QsfvksWt7owvyOzVzvpW3/fMSBEH43IgAC4LwUVklwNt2bv358MFjp89GRZ2PWkv0xUtJJR1V0ytBX1gtMJG79t9Pqh7osPmsv5wRL60se50mi2XBaHeHTtDDAnzmp20Hdp04dv7Bo+Ku+jGjzrn0i2As+VfcZstka1/e1aTrx7ftOnLmQWFyh2ksPLvqWVwxdXQWPog7uvt41L0jCXVl3bPzZnfwQukgXrvHMN6Tfyv9yt4TJ69dTiiv4owxLNirhe3Q0cirt05EPzp9OTOnsrVrfHx4fHxSo9UY3ZZQQB6/126eNxrnzXavPzy/G8Tvt2psHenVSef379pz9Gb6rQZjz/wLQV0lwIe3Hdx38MqtjMbiQdOs3UclwTFifNzO2eaJmgcPzh05djTqwKOWjHa9Tw0gkm8fXejLz7l5OupM1I7reYmVQ7MWOvaij8ETepd1XD9RXvbw6rUt2w6+LMDLS2iDabS0MP7CpVNnd13Lji3sGdHazavnIgNNOX3W+bG69KKbWy+fPXfsUnp2+8yQ7TeeJfMLbxJg4nC57VbDlN5stLMHVukO3Qz/A+Xk9t1HziRXP+m2zr/l5HNwfHT9BXl3zl86cW7HiaQ7Wc3tsxat3UP5X07yfa4Vp97ucBicK4FHvfpsK9a+sfr05MiDZ87d2H67PKtxfMbocgb/oxPG77LYtUNdz2/85vFzbNu+nT+fvfyoJLvbMGJ0Y7/BgeeHz63vXexMzbh5+vieIwdjS+/WzC1YXwx7WGCwzSvp13I7e6YZnhdbg8e/Ybi+PunYvajju4/GPSjs7DD9cnHBklfnsza25Ny5+dPWUwdizt6sqhwJ/YPJvdBnbI3LjIk+vCfqdlZTyZhN6/CH+vYGgXxzPEGWfW6fdWGqJbf8zvYb584cjExOrx/rs6788v+uF/Wf+mnH/h3HT0QlPCwfaZyy2ZaWX1Tk9zu0trGSpqwbUXt+PnL+weGs8YaxVf8SeTNvFOAVv9uva5moexh3+uDRE9f2p3Tn9/xK4Cm/sjI91pCZdXj7+SOXXyWEi35fb8uTmHs7dh3eeuns9YJyjWnar3boO0C9Hp/bZppdNC5Y7X6O1zBs8vuM49bW5KL7kdu37YqIe3a32TSkf7GDXwjw2S1bD20/d+TU45TawTaD3ezjyAgS/odF/LETBw5u335i797rMWmV5bOWqfDxv+xb8VkXh6r7np6Oj7rwKuEXBEH4ohEBFgTho7JKgLfv3brnzIkL12Pu3Yu7t5b7Dx7m1g+0zKv1hDhdM8y055VFbb9y4NyeA0+yWibGgqeZb+KFAJ/+afueneePX87K61sYCz+GZBU+3HIoq+px1IltW49GJ5/PGWubstIk56Ne07il73Hxw6ij2/afjM27Uzc/tuoaUIXfbTO0pTUmHD196GjE1ZTEDkOX/sWp3yqBObXr0NEjl8/efna7YKD9HS4R9BhXtDXdhbEX9u48Gv3oxPPp5skX13SuEuADeyL3nEvLbJp46RLfpRXnpGmsNC/mbPSxMzuvlyRWT9r8S4FTWJ/TMVk5UHzr1oljEWdjz+QOlg+/6prO4CWv/cUJ6Ye3ndr5sgD7nTP145V37kVGRJy4fiajq6Df+LpFfSwT9RMFZx9GnTh86PL1Zx3FY3az++1O/t8kwL+FbXJlJq84Ifrozr1HYwtja7TTxhca8EaWfS7vXP1o1b3bpyIiIm6eSWgq7JrHpd5c2O/Q2YafN2Zc5Xg9cSX1QulM+8yrr8H1e+yG7qzmx6ejjxw/dTEpvmG2de7FMbaqv4d3nfjp6INHxT2/uoRV4Z73LzZWp1y7dujg/ktZ1/KGpkyhZc5cc62zDfFJF08dPxJ9+nFzVrfB/msDB9fC8Hz5tZybR7cHDv/ynDH3lDWch+GdnW7Orbh47NLBc/uO3U+oHW412OwOnbantCkhIu7ajaNXsnNbp351vL1eIN8mHoWNASu9kHrlxIE9565mND4ftunCDbyo/+S23bsOXDt3r6R63DzrXPXPCGDo7P2jdWkJEbtPnbm9Pb61vE+n/qh/mzcLMJbtHFvoy8u6fPz80fPbo4se14zzB/PL8eAzrlhbuoruX9u+7cSpexEJnXWji7/+e9f5vZ0NKTfvbNl9aMu1czdKqrXmWSoObf3QuBZW5subc26eYAdfTTtfpOmeffFXExbgn7bu23vz6LXyyuEFXfAfHGGWPQ7nYH5P9rlzx3Zt2Xlqy+H0hOL+meDHwWo8892WuhtpN87u3Hs+trC7Rrvydn9egiAInx8RYEEQPiqrBHjvua2nclLLeycsFp3lFdhdHnfo4ljOpN5DgLfu3HP47pn79c3TJuPyK86Al5csS97evvKkB9u3nTpy+2BMXcXAgonz2MBlre0j2ceTow7t2H4uJqe5Yt6vW7UKUAiv0z9RPlJ47ULE/n3nbp8vmKga43Q3yCqBOfJTxPZt9+49b293ePTvsEjMsn3FPzTWlJ58YPfZM3d3pvTXDBtDm1YL8Jl7+5O7GkYXX1rkaXll2WTXdbUkX3x49uS+89n3iwbnfUuBmVKXdbY+oTJu3+kDEWduPM0YMA+YXxkdb/pmmzPqbm+7eHitAC/7ffMt6fX390YdOX4iOvlxh7bb+NpFtZeso67xnOdxF07sObY/pii2cnrB8nYny+8jwEv6FV9nc8ad24FVebMvFoxP6MMzrW9iyWO39j3reHrh/NGzZ64/zegz9htfsVLaGpyGycmSq7nXD+z/+dT/3959OKWxLw4b/3utsfeCXYm99957jLFHY28xGnuJKAqKiICKqNR3scUec0/y/s6cfT5z544nAu5+t8w+7MImlfd27Jq3T19Y5pYLi2ZGPlFZFB0cGp7mVT7z8bvQINe/uhfAYWnO+ZOfZveFAX88sLZT66V88VNBfbRfeFx1cv3ciubMcRW2UFrfP86Ue6WFhwZHF1VOyGc0wh+7edId2/GuZbnhS1W8u6tbcE5L9ujRys+r34XXMJv3vp2M5ZenRrzzj4yqm2ia2TpSTsx3l2T4uidk1iX37M4pDA/Wt5cD8i3Tc816um3e7egtT4p85+ef3pbau72tuV1edwHsGeCZ1JrWub6jPb//0ekrl3arem+h53OKb3psqlviQMesQthg3rSevR7AwoZg0+p2psaKowtDwjw8Sova5lbt9p/X+hv27JvtI/VJ3q4ugekNKZ/3F/buLkm/9v83gG3HdsvyypeqEnfXyPjyoMa1r9u3J8PvAtjF1TeuStKwPL97LMzqgykxG23yL5s9GQkSX6egRKec0aYppbBvfLQ22zSr1vmy5vxod++glNavnTL72zYvAPi/RwAD+KvuBfBvfAmWcEh2plkdnC8Pyo8Md/d4n1xU2zgyMbGt3zl++ctd7wLYzcs7ujqufmFp/1T4Q88dZQpHaruyiebWYLeE8CzftMHPSyqt48rXc8366EyxX4Ek1NUtu7R3YfbMrnt6vG45tx9MykeKMyMD/CPSAmoXOxdv0/R+wPgkOEd2NI7K3ngbHvOJ6mx7Yml6oPtGe3d3dW1R8nsP98CoAvfKxaG12wsv7wVwWFJN1KftuWdONgrzfWLQLH2rTaqMFHK8Mq9ldsNs0dtNpjPVRnfex/deYV7ShLyu/r0z+cuVcLTYOV8TkCaJeBjAJqtFL/tS3p3sEe0bF5X6oUum3bx4+WybSWHRDQ+UpSR6BPjGN6W2rWxpjW8qk7cHsM16qdk8XBuZGv58M37dLd3d5cXJUcIRundyi7Rj89HHcV9gMhsPdoYq+rLDJH5JvxyfK8JQX5yqlhcb42ti/L3cUrLqRycMdtWj07Z3bMKKtr6/1FYfFxodIHVLHagf2xGmzHEK9978SmJy/RvWB9YefKb61pnVrFzpLGqO9pGEFEiLR7+qTzR2IQnPdsbqB1LdpAHRoXH1bUv76+fPXAFhN6rsuz0TzWnBbi4BybUxHTvfd2/fwblmUFkUU8ON6VmxfpGplcklrT2fCmpK0oMDU3MbR3plBuXPq5OvPB+QwmPeNj3XTCq7YWK0PivFzcs/pia+cXFZdSrsPhwPv339aJ/g4PzPRSP76rtLvn8S/kWrWvo8mOabJZG6hX5omZAprjb1X/tFAAuTcH6mXt1oT29KDPF2j0mtHug/tCtut2phxdOO5XfkS9xc/WNLu2uXDDLdw/H5ywFs0itOZWPfJ/pvVvzutu7uqspcabyLi39cmX/9yvTdt7TdfQbYxS00rTmxZ3dN9WSEzEb7zqCsL0sq8XWXpPnWzHcuPrrk+8rRmn2xsqVA2N36xdSMNi6eq156xwcA/mUIYAB/1f8WwA5Gxax6IKk2PdDN1cXF2dk3PCGje2NAZjoxmkxmi8lstVof3PzlZwC7e/skt7wXgufFUxJC0NyeYY7NvArg/SOhDO1H+1cH0JkBka7u5dUDS8smk9b0xIXBpJmVT9WURAcFhyS5Fk62zKhuXvhewARLMl1K57oXhNl9iU3INqtFmBmT2WQ62f661/u+Ki3Izd1d+N/V/7k55t3JyfnlAI7NakobPFxSPR1RYWxuAzgs0M89N7N6fM5kUdtPLw0/5luyasN9gz2ykouGpo6FHnrR6cbAc/cBNljNimUhwCK8JF7pcZl9w784oL8NAHe/wLDKpNpvSxrDyVsC4BcBbLNZLRazWRg908W5drFjvjk6Jcr3avSuB9BVGD8Xd2/n3wjg3xufK8KI6PWKr5OlMcUhoZ6uhQWtM0tCINz89imhjnbUsr4OqSTZO8Y96mPVwIb6OtXeGvy3ASyMv+ddUBlt9oP1/qqPke4x3knhCR+7N/ZkJpOwuTxmUJlUw9MfcxPcXPweBdItm8W0N1k7UuARHxTm5RkaEeEeHJfomtDbMrGtudqqH3g+IIUZupqeKGF6kiXvO/pkh7vXnf88YcAWZ1oKCl09Q0JKYkqnZpT64+sTj78I1Gv3AjggytW9snZobf3JhbvPe8Prm/RK7XR5f2mon6drVH5L+YJtVXO9/tpOFItrzZIaqZ+ra1x28/iwxq56PECHwvo/UZ2Z53wbwPt6Ic5/vf6/yCas+tbrNd9k0v8YlXfGFScG3N91OFZ9YdfxUgC7usXmf8ob0/y8J/mdewH88LZtD90GsKunb0jJ59IprfJ/udM3APwfIIAB/FX/ewCbDYdCA6+P1PeUx8WH+7h7+QW/z0vKry6vrK5u/lzbvbqwozPcP56+DeAYD5+w3M6cof0d7ePj0Fv3Ajg00SfyY/vsjsJ+fm5X7My2f4z0SXzn4+wSEZWUnVNdXVb9RFVFdWlmQXqUxMfDMyTJ+YUAjojNC27+Mfj8x2sFwtGvzni8sTLQ1V9d3VBdXV5eXVRYVd/6qWNoqH9I0Dc01NxSkZ7i+S74Twaw5vzk+0RlWpFfYEBgWXrt9NLpxbMnGa+9EMA6i3l1pim3zM8nJLBQWjo+oz4VJu7lA/q/EcDCQjzUbM9+bW7sulosZaXVZeX1zZ093UNDXxwD2Dk0VFeZERd39YbImwP498bnihBLqiP5cH9GZJZ/5Lug+rKuJbkw+je/feovBfCxzb650FFS5eMicQvw8ot/n1ecX10tbC6PVRRXF6ekx4f6uTi/eymAbRaDalo2XlodHxXt6hfgHRidWZXXvz29cyKsao/r8PmAFOr1anp8PSQBuVE5Q2M7WmHbf1qut/7VAWw1Hl5sdU9/SIv1fheaVBHdtTctv979aNQbQ4OZIdnRcS7SD/UjP/bO7cbHz9ZbzT/mWvOqAt6FusdGpbZ2bGp/nL98xcQvCM/TnmpWFrrb+6qr64RdR1l1cVF1Q1uHsMZf7Tp6h4YaG4qTE11dAglgAHiCAAbwV/3vAXzjcOn0e0NjSZrEISw0yM//nYuHf4JrTGtd/9L64an2wiwcdjlS6jaAYz19Y39xQCZMlXrn68fuGLdk/wTv4KYPM9tbdqPRvrU986Ep2DvBxc3Z2cvbPyhYIgm/+sMvSiuRNHzvW7o9zfvWgBFYzcaNg41PH1NiUt55BweFBsUXSXKHe35+cFF44ubWdEu9v3fcnwzgg/PjryOlKbnewX4RdVmt85uGy1ci4YUA1lhMC1N1WYWevkEhZYlV0/OHBuEQ+/9nAFstJybD3MpQVZmfb7yXn19YVEhyfVrd7LcdnfDKVwFyG1Tu3iG/EcC34+MV5Bdandk0t356cfsBypcIFaQ43OrvTopI9Yl+J2mt6Fvbu1p+L/hLAayz2Vdn2wpL3JzDXN65ufv6BYeG3KymL8tvTezcXFA8rXWr9VKm2epqT4167+Th4RQWk9PauHy8cmQSxvbxgns+IHX26+l55xEWXBhdND6l0Anr9svV968OYLv5xK6fXR2szAv0DI3MciuY7FtQGc3nlsv1nbnW2vCAhKgc75rlzyu3n4Z4wGg1qzb6ytrjPSO9Q8LeV9a8+pn519lsl6azld2F1qY4SaKHT2BweLC0LLpwfHBZJYz41S5PmOn1taHaSnfXKAIYAJ4ggAH8Vf84gC+Ozfrd3a31paXvS0sTI51VdbFe8QE+zl6RYTEV+ZVjE3KN6vqw7zcC2CBM1Y/RxgY/t7iANB9pb/eC8sB+eWk/UC5090p90nxCXFwzsuu6e5aWvi69an1raVd/cHx7qvnNAWyzmjUrXbMtMdkSSUxUdlHneNesbOHHoUrn+HDsVSQIT/wbAay/OF35Vp9RIQkOjP6fA/jEat6ab8uvDfEO881JyBucODg+eC1o/3wAX+iVe1NlfSXRkZ7hSZk1VWPLgwu76zs63ZlJ6MurV/7fAvh2fIL9A33yU8vHZk/Ob9/eeIkQS0e63YmR/Oj8wHAPr/Li9u9Cer106v+vBbDBZles9JQ3hbhFeUQFRZRWfR77srQ0f7OmvmBTubZv0BuFSXrIajHujGz2Z+bH+Ps4ubg4eXhJcsJLp3sXVEKUPt6ung9IYSu7mp7Qd1F+GZGpvYPbmr2rmX/BvzuAbed2k2J39lN7gk9ScIRrSEnVwMry0emxYmytvyA52CcquSx1SPtV8aQnHSw2y5n6W+tUeUhCiK9vdFZy98YXmfHu3mq/xXJpUC+0TtbFpARL4hMKS/tmeue2l2Ua9fG5MARXL0kAA8BrCGAAf9U/DuCfhEPSU618bqG1sDUrKjHcK8Ar2j+8vOHr9pLR7vjS1XuXQEfkd+ePHOzqnj0YFQ4Sj+2mxeX+yiI3V0lIrl/u+OCq+tRusdhP1auD48I/hEhc3Yoq+5cXTfbj3zpIfWvAXFot2s3+ss5EoVQSorM+dm9oZcaHJ8dsBrtp5cd4fYWfV9SfDODzS8PuyqecZmlASERRWu3k96NzzdOacBD+9VKz0Pm9OjxNEvUwgC+s5sONvtKrM1qJMWkdn3d0cvPD6b/Psm8xTA5XpGV4BIQkNGV9XNnQGh2990vPj6cwa+cn+0vzdXFVsQFePmnZjeNTevvBo6UtzOvlt8nG3Cx376DfCODb8Yn1CfFMeZ/fN3x4pnh+fO4I03N2sjc/Wx1bERHk6ZqV2zj57VKI/ptfP2Yz2c2yg7XO1vjwxACpb9pA4/iOECiOyf9HAXxps+tlw7XdUvd4v4Tw+NbOtQOZ+eUvnXrF5alVL98cqe0qliRIE4Ij45JjQyKjpM5hFcVd3+e1l9pHd7F6PiCFGfqd6bldXtluXuGxNUmNi4uq0+uF/a8I4Kv9j2ZjZKYktEDi7+IWmdY03rl6sDXd/LVBGu4fGpPX0vTD/OInHu69oRAUFBdaMNI0uaez2F7YQ73iwnS2t9aZ+0HqHRrwXlrYPbB7tvNo67+/fyOAAeAJAhjAX/UHA1g4EraYL8/OtAd7s13zjRFZMQHewfE5PSuDCrvjNr63ARz9ztsv9UNS99aLt70xHdl1k3OdhcluroExJf7Vi5ObOovdZrNbdJuTi9X+JTGBrm7JhZ1zkzr70W8d1L01YLQW8/LXhpwSH9/g0OL3lROzqlPto/sYmY/t+pmVgbIsX88/+hlgq9mo3R4o6E73DA+Ijc/71CM3PD+NjqV0tDVc1/PeI94v7GEAW22W893RqoEs99iAiIjkhg+rR2uGJ3fruWOUm1V9PcWJCb4h0cVfKifUqlPTi7V83/PjKaTIvmZ7sC8tMsM/8p2ksbx3eddiP33018+V9qPBwZq03/wM8O34pHmE+0TFZrd1bhs2f/0865n6x3pbQuN7H2/3uLSawcEju/Kltdx6aT9dUs41VsaGxEVmRDYu9y47vmvcMfn/KIAdK/DedPNYrmticHhIbGXjnHLp9Hp5/Sbtunmlua04Piw8TFLcVdw+sjpQ3l4qdfPwjyj8VDKt3Th8WE3PB6QwQ78zPbfLK8HDJzqvq3BYJdfePvZfEcCO2TlTzit7kupSA5xdPcOLu/P710ZbM3tyQoO909MqhiYMlv2nz7vx85LyRLcQH5/y/OZvy2bLsxdMv+rw/GR2rDy1wDfQP6wio2FmWX+hezSk9/dvBDAAPEEAA/ir/mAA/3SpmNYOpZYlB3oFSdI+LfVu2fXC37kN4ChXD+/w/OjykUmZ7ujSbnlSZabjXf1ifX/l+zBXv6js1qyR/ZWDm1Q27i3s9yU2pIe6uIYl1Y983Dzfe+ZQ+GVvDZhfXxJsNhwcr7SO1SfEeLl7/ckAtlsvTrWzDVNV4dFBwWEpVaVf1bMHzx25mrV24+pse2FpoGvYuyf3AbaadQsf5+vCE8NC/GMK0vs2huUGywsFfL4/p57Mq0uLDg+MT/8w2/XDqDt/W5Y9P54vX0J8z4V6WTtT1JojCXT3fvcbAfxgfILel2cN7Uwqfn26+lK3ezha2FMQ5usRLMlpLZrRLqtvL4x/yGoynm5+XuxIzwgPjU0szR3Zm1LePvIfBbBjkR+v9q41h2dGhfhFZOX2b4woLp/eMPdVQg7pjpYHlqql2VKpT3RBQe/S6Mbuye6YI6gCXCPjc6PLxweW1QcX91L25YC8mx6f8IyUjsXPm6fGF976uF1esaFeEakN4x9Wzw7uNr1/RQA7mLWbp/NVncXRvi6uARmVMfV9DVkxNXFhfhF1BR8X5Gbry39OWAo6o3Zppa2wKT4qwCMhKr25elr+XfXcl4q9RmU8nhwsSsp6F+wref4jDLf7t9gwVxdPAhgAniCAAfxVfyWA7eoF02xxdWb48wHs5OrtHBYcV97wTbl4G2z3nSqXN9qi6hL93FyiMxtHBw5s+3cTpJPZlmu7SmOdXd2DCzryx4+eOUB8xZ8LYOPhlqwzsTXFxcfdyemPBrBwgGuTf9nszZRK/Hxis2M+yb78eHgb2GtGhV098KU6NcbZ1cfpcQDbbRabYmxvMCcjNtA5MN4lf6Rmcs/09M2GK4eLPd/LXLMigv1CcytGfsxo7YaXPwn6wD8IYO368HK1R2G0s7O7t9PvBPD98XEOTXEpnvrw7Vc3QhKcqW0b7dPNSf7e75yjCz2ql4fXnz+9ZzYe7w4Xf87xjPCTxGS1tP04Xb/ri38cwLb9r/qJ/MKkEI/g2Ij6bx8Wjg1PN4DXCKW0uthTUe7mFhGcF5o7PLxxeGS9MNvUOzPtvQluKQFBXv6ZZf3LX7X247veeTkg76bH2S/CJedz8fDu8dPPG1+5XV6Bnr6pxX1Lk0e2nz31rwlg+/m+Tf1ltDEz2sXF932id15+RlBgelCsV85g1Zji0vLwxmyP2ewXOutmz8LHVEmgt7Pfy7eVes2vA/h2/+bi5uLkRAADwBMEMIC/6n8LYOHo80yvVPwY/LYjVwltc+/xwo9q1Vz3VF5UemiMX2h+5djmrN7uOF79GcDO3k5enn7SuNye5hHZ1rnp7vDNenl2rvy+PlRTl+aXJJUGZna1TGztGO/12IXerllZ6CsrjXOJT0yKLPhQP7b5XXl+9qAihJ/1hmPl6oxsfWlff2n5eQj5GwGzt9JV3BL9ThIcE5bRWDetWFBfXJ9AtVkuz/eXticam7NDpEFO7sJR7J8NYKvJfryu+v6xMS1MKgkLTCrJ/Tg1+MPw8/jVcmY/kysX+gZr0suSoqL8g7zdI54EsE040D7ZHB1pSs9PjfSJzYot62maVq6rHrS0+fTAIBudasvJj3ZNySrNap4d29SpLuxvuwD6pfEUnnysV36bKospifDzDEhMrO7v/GGQ306/5ezoTD4521lYFOsq8XVy+t0AtprtxztHqwMDNYnZKdHvYnKk1QNts6pHV9Sb9ErDj8GtHfm82q4Vht90Ztdt7s60fyqKSEqMd4ktymiZ6Fs6/PkFaVcuNZuHC53dZbHZ0tD3BW1V/esrRybtXTj84wC2G1RG+eRQXVJugp8kOTel7kvX4tPIESbp8FC5Mzu4IZdrr2/mc+1cu6mer+wujopycYvJaMntVSyrjBd2i9VuPNn9tv05ty4lJthDEp/fVTW6u6k7F+bb8UdfCUiD6nxnarIttzhNEhCXEVH0qW5se0nxIKjuL6/UjIKUuq+Dq5q9c/vPDxr/ewLYbLAbd9YGa5vinGNiAt3Cw0M8PKIlSbEty10rp+Zffq2z5cKu3zpc7h9pyshNlboEpCRk1dV3jE78ONg12s+f/M3r/ZVy49v4xuHazf7BcGmQLbRm1Ud5BgfFReW1NX1Xr9wu3/v7t7hAJxfn/5sANqjW9762jPW2tHX09Mxu399/niqWdqZahntaPnb3935XLO2fX169a2azWo/lc1sTLQNdLe19Q32LB7fzCwB/HgEM4K+6F8A+cS6RH2r6F7eOj9XHzzo9OT0zmiwm26XNcZ/eqc/S4qGByZnj492bBwiEH2cm28sK3vnGemfGJnb2re3vXF24+fMzwM7Ovu6e7p7hvl45GcV9g8qDHzfPPdbub++OVg6UR0aGB4ZlVqcO7H8V8vcJzcrAYq1/cYJXYKhEUtZfPrq7va+9eQmHo+Pjla2N8baK4Z72FYVwRHrzvLcHjFC55v2vzeNlvinhbgGR0oi66davSq1OL7y6TqNSfG0Zr49Lign08fJ45+zs+mcD2BGQJyf787N1qTWx3iE+biGpZXGfZCOrB9ezd3woP94enGgvTg0KTI4MT4yP9fN99C3QNyxn2uOF1qnG+IQIP6+YLNeCsbZJ2c2LXFH/mNnqTm/IkfgGBWe2TnRu2vefO9n8opfH06iRb/dlfcryCvFxDk4puT/9h/Kl7cGi9uKoIMf4ubu7e7v8VgBfMZ/s62brhmtiI0N8vOLyPYqner/Jr1//2sHquOxT4pex8eYN+/btjZIu1GtH44WfiiP9/bw9Eqsi6man1/ZunnBlb657oTkuJzE0PDGreEg+rrSf3z8h+s8DWJjy8xPlePVQsW9iuEdwQmZk00Ln3INpEKbi+Hh2bmKsInVoYmpHWKscjS4kiMl4uDbyrdKvMNbdxcs/pWnswfI637NrhkfqMxO9vPxCCyILh0c2Dw8uLY5+eTUghSo7Wemc/yBNjQ3wjkxxyx2sH7nbIh0Otxe3P+e1FUT4BQak1g+0bdh3Ht146t8TwFc0S72Lle7ZkS5OTkJiugXF5xSOqab2n/m0xfMM+/bNzonWrOCgQF+vsMDA5KLO6UH58a6wX3noan9VPvqpNLNnrXPl5Dqwr5fvYJFPQrBrYGxaZNP83fLVquS7E3VfqmPjIvy9Pd+9c3Jy+b8IYPVC91yJU6bEyd0vNOzheKpmWiYLnZJCnN4Fx0jqZlrnb65QsFlMjpU210nodk9JUkTz0t38AsAfRwAD+KvuBbCbj4t3tCQhPbuoKL/oWbVV9X3DawdbZ5cXViGAP3+WSirSk1KKinJuHiAQfkxJyi4KT21taJv+vqDY0xuFQ3THMdRtAMcI7ZtYmlTe2dNQ01FbklFclHXz3KKCvLycxMTcrPyi9sFP3zYX94ya5y7GvdDv6zan1odq+mtTEtMywhNzsvMKbl7CQfg5o7iirLRtceC7Xndh/fkSbw5goTeMmu29+b7Bqpji974hccnRKbkFhYXCqxcWl+RWtZR96Pgy8qGjPifTyyP0Dwew8CuTyag92lpaG24drIzKz4j3ic1KzMi7nr2i/NKi7Nrahq6uqakv3TX9FbEJ4c8HsM18adLKD3+MzY/UNFTkhoclJyXdDbZDflZBdlxuWXVr68zMtFytOLG/cAHsC14eT8uF4XRvZW24XmjgDGnY/enPL63Mrm1v6GqfmmppyJFK3b39fj+AhRq8PNpSrQ3PDVZWl+SEhianpAhr7k95GQVZsblN/bMTx3b17Slcy/mx0MC7i32TvcWFOZkREakZGbk3T7iSl5qfk1hU/bGne2FlUWUQpuhBNf2JABZa4ky9qVrsX+guaCpNFRo4NvV2yd4QJim1uLatrEs5KzMIm6hQJ5YzreHH4LdPOTnRHiHRUre0Dy0TsgfLy2K0X6jkE839BaEJkZHe0fnvW791r2jOLi2vB6TNajbpFVrZ5NJYQ2tNXlRkyvv3D1eS7ILshNyS8qbmyamJrX2hfg2343njXxbAFztTmoGk0qQAJyehMYUZam7fONp49C3urxAK80Shlq/MzHztayhsSPbPyEiW5hTl3N/HXCnIy85JDE/LzIz/uHIXhNfLd2em43NJeP77AKGB75ZvQUlZTvWHyo8dw2OtbRXpqa4uQQQwADxBAAP4q4RDoj21bHSwMKdSKn0vfYXwy5zMvJauecXaqencoj9YG/1akVSbefPrB4o/JHXJZuUPzxPdBvDNfYCHZMqlwZUvNVnpyTfPckiSSvMLq3u/yPRCWbx2fGWz2g8XjuZaGsqyb576UEZhReO0clZlv7h/qGw5t5+uKea7WvIySyvbSicOF/aepulPJsPR3lTDaJ00J+3mZR2S06U1XyrGNpW6zb2VL31Z6WWP5tekt+vn10ZbK5ISSxsH6mZ1W0dPjmIdNXR2rpet9VZ35WdnJrU0dC+sm626m9/eEBpPN1s30PhoHoX/vHn83u6MYqS0sbQ0t/RT36r6h+G5q5fvTc+TxZUnlX74MLgqs9sfndV7k1+Np9DA231ZHWU3f+xGdpm0Za57YdNs3Vwd/PAhOT3PMZ4Kpe61ZfG8yyO7bnZhoLFUWOI3r36nUCpt75jY3H5aWed7lsOJ8bbKIqk09ebBd8rSs/q+rOwphEfdPPqet64/51bL4dZ425eitMLUurKGqbkjw+HVIv/pXGdXjD1Z/38qbOhuXzdv3q4Q5lP1ydKn6fa8jNTE57evK0bH+lDcWJoubADSxum2WZVB2ABu57c0M6+0a7537VT/9HJe86n9ZGlrur0uI/XJFvVzfXu0ft54y+s7ruM+Odqanq3LaMwuTkzq6p2V7wjbwM1vX/Wm179Ht2leb+9uEFYAYbt9Yfzf5mh1cOmDtFrYSl6WWlhd9EU2vnV2/0vmznVKxVjFlxrpg8WbliOtG22Y2jwybMpne7uSEovLOrL6tlf2btfQu/U5Mam0dbRlXq+4++DDHcuFXTWrnG6sKMxIL20sHlHM7D73JXDHcrusa/BDcWJqRl779KelE/XpzZslus2J9XapMDxJmXn5D8fzbn5TcksL+1YHfxiuvxTNZjUfCtncIhV2t8/OLwD8QQQwgL9KOLi5uDTqtLs7SplsS/a6HfnuweHJhcFis9rMlwbdsXJrX37zuwcUB1uHxpMHF48+CeCJA+WBWghM+fb9Pyv8vLu7pzkymo2vHuI6jmYvT00nB/vKnZunPiTfVar0FyeXDytayGaL4eLk8GBXrlSqlfrL00d3TH3IajE5zjbvy3a2b17WYWtbtnek1J1dmM8uDEca+bby0fzazHbziUF3oNzaUqqO9k/ML3yzrsVqNho0e4e7O/KtA5Xm9Mxme3S0azUZzSf7R6pH8yj8583jL86PL7RKlUK5o1BrDJdnlueO8u9Nz5PF5XipA61BOIJ+uLTe5lfjabkwGDXyQ2Hduk9Y1w5Orib/zKA9ONja3nGM5/mF+bVl8TyrSZi10yOVQljiN69+Z1cmUx/qz4RZe7wqWS9sl3qdWik86/6CvaLclmuODBdC1z4zNW9df6x2m7BVqY8U27vb+8p9/Ynp3gfRr1nNQiQ9Wf9/2lVp1Ge2s9sVwma5FBr4WL3jePyz29cVxylurUKl2BY2AJlKf3By6aiU2/lVClvF4YnGYHnm3J3NIjSw8Vi9L99+skX9XN+e1NiVt7y+Y8U0m4zHJ/ty1Y5ia+tQc+L4iPIvtvJrb3r9e0zCwKk1KmEFEBbvC+P/NiaD9vRAtvdkRO7b3t1THBl1xgfXCljNF0IDH+3JHixeYWiF3Yn+zGQ5Oz/RHG5tKZSHco3R8SbFzdNu1mfHruNAd3Bivnj6JeHCSnh5cqFXKXfl28Ki1l4cP/t2gPncbjzUHii2tuU7wopzar7+NK/AdKY/U8uE4dmS7+4+HM+7+d3eUexqDNq7yLXZLk81JwcyYXf77PwCwB9EAAP4r3gUwHwrKQAAAB4igAH8VxDAAAAAeBUBDOC/ggAGAADAqwhgAP8VBDAAAABeRQAD+K8ggAEAAPAqAhjAfwUBDAAAgFcRwAD+KwhgAAAAvIoABvBfcXlo189972+pzSus7ZnrXTvVGN50E1AAAACIBAEM4L/CZrZbzs6OtZqDA43+TH9uMVttN78CAAAACGAAAAAAgEgQwAAAAAAAUSCAAQAAAACiQAADAAAAAESBAAYAAAAAiAIBDAAAAAAQBQIYAAAAACAKBDAAAAAAQBQIYAAAAACAKBDAAAAAAABRIIABAAAAAKJAAAMAAAAARIEABgAAAACIAgEMAAAAABAFAhgAAAAAIAoEMAAAAABAFAhgAAAAAIAoEMAAAAAAAFEggAEAAAAAokAAAwAAAABEgQAGAAAAAIgCAQwAAAAAEAUCGAAAAAAgCgQwAAAAAEAUCGAAAAAAgCgQwAAAAAAAUSCAAQAAAACiQAADAAAAAESBAAYAAAAAiAIBDAAAAAAQBQIYAAAAACAKBDAAAAAAQBQIYAAAAACAKBDAAAAAAABRIIABAAAAAKJAAAMAAAAARIEABgAAAACIAgEMAAAAABAFAhgAAAAAIAoEMAAAAABAFAhgAAAAAIAoEMAAAAAAAFEggAEAAAAAokAAAwAAAABEgQAGAAAAAIgCAQwAAAAAEAUCGAAAAAAgCgQwAAAAAEAUCGAAAAAAgCgQwAAAAAAAUSCAAQAAAACiQAADAAAAAESBAAYAAAAAiAIBDAAAAAAQBQIYAAAAACAKBDAAAAAAQBQIYAAAAACAKBDAAAAAAABRIIABAAAAAKJAAAMAAAAARIEABgAAAACIAgEMAAAAABAFAhgAAAAAIAoEMAAAAABAFAhgAAAAAIAoEMAAAAAAAFEggAEAAAAAokAAAwAAAABEgQAGAAAAAIgCAQwAAAAAEAUCGAAAAAAgCgQwAAAAAEAUCGAAAAAAgCgQwAAAAAAAUSCAAQAAAACiQAADAAAAAESBAAYAAAAAiAIBDAAAAAAQBQIYAAAAACAKBDAAAAAAQBQIYAAAAACAKBDAAAAAAABRIIABAAAAAKJAAAMAAAAARIEABgAAAACIAgEMAAAAABAFAhgAAAAAIAoEMAAAAABAFAhgAAAAAIAoEMAAAAAAAFEggAEAAAAAokAAAwAAAABEgQAGAAAAAIgCAQwAAAAAEAUCGAAAAAAgCgQwAAAAAEAUCGAAAAAAgCgQwAAAAAAAUSCAAQAAAACiQAADAAAAAESBAAYAAAAAiAIBDAAAAAAQBQIYAAAAACAKBDAAAAAAQBQIYAAAAACAKBDAAAAAAABRIIABAAAAAKJAAAMAAAAARIEABgAAAACIAgEMAAAAABAFAhgAAAAAIAoEMAAAAABAFAhgAAAAAIAoEMAAAAAAAFEggAEAAAAAokAAAwAAAABEgQAGAAAAAIgCAQwAAAAAEAG7/f8B9ZcGieL6mIgAAAAASUVORK5CYII=', 5, '10/06/2024 18:49');

-- --------------------------------------------------------

--
-- Estructura de tabla para la tabla `tb_vacunas`
--

CREATE TABLE `tb_vacunas` (
  `idVacuna` int(11) NOT NULL,
  `nombre` varchar(255) NOT NULL,
  `fechaUltAplicacion` varchar(15) DEFAULT NULL,
  `fechaProxAplicacion` varchar(15) DEFAULT NULL,
  `nombre_doctor` varchar(255) DEFAULT NULL,
  `idMascota` int(11) NOT NULL
) ENGINE=InnoDB DEFAULT CHARSET=utf8mb4 COLLATE=utf8mb4_general_ci;

--
-- Volcado de datos para la tabla `tb_vacunas`
--

INSERT INTO `tb_vacunas` (`idVacuna`, `nombre`, `fechaUltAplicacion`, `fechaProxAplicacion`, `nombre_doctor`, `idMascota`) VALUES
(2, 'Parvovirus', '11/06/2024', '30/06/2024', 'Diego Garcia', 2),
(3, 'Rabia', '11/06/2024', '16/06/2024', 'Diego Garcia', 2),
(4, 'Desparacitacion', '11/06/2024', '25/06/2024', 'Diego Garcia', 2);

--
-- Índices para tablas volcadas
--

--
-- Indices de la tabla `tb_consulta`
--
ALTER TABLE `tb_consulta`
  ADD PRIMARY KEY (`idConsulta`),
  ADD KEY `idMascota` (`idMascota`) USING BTREE;

--
-- Indices de la tabla `tb_dueño`
--
ALTER TABLE `tb_dueño`
  ADD PRIMARY KEY (`idDueño`);

--
-- Indices de la tabla `tb_examenfisico`
--
ALTER TABLE `tb_examenfisico`
  ADD PRIMARY KEY (`idExamen`),
  ADD KEY `idMascota` (`idMascota`) USING BTREE,
  ADD KEY `idConsulta` (`idConsulta`) USING BTREE;

--
-- Indices de la tabla `tb_key`
--
ALTER TABLE `tb_key`
  ADD PRIMARY KEY (`id`);

--
-- Indices de la tabla `tb_mascota`
--
ALTER TABLE `tb_mascota`
  ADD PRIMARY KEY (`idMascota`),
  ADD KEY `idDueño` (`idDueño`);

--
-- Indices de la tabla `tb_vacunas`
--
ALTER TABLE `tb_vacunas`
  ADD PRIMARY KEY (`idVacuna`),
  ADD KEY `idMascota` (`idMascota`) USING BTREE;

--
-- AUTO_INCREMENT de las tablas volcadas
--

--
-- AUTO_INCREMENT de la tabla `tb_consulta`
--
ALTER TABLE `tb_consulta`
  MODIFY `idConsulta` int(11) NOT NULL AUTO_INCREMENT, AUTO_INCREMENT=16;

--
-- AUTO_INCREMENT de la tabla `tb_dueño`
--
ALTER TABLE `tb_dueño`
  MODIFY `idDueño` int(11) NOT NULL AUTO_INCREMENT, AUTO_INCREMENT=9;

--
-- AUTO_INCREMENT de la tabla `tb_examenfisico`
--
ALTER TABLE `tb_examenfisico`
  MODIFY `idExamen` int(11) NOT NULL AUTO_INCREMENT, AUTO_INCREMENT=8;

--
-- AUTO_INCREMENT de la tabla `tb_key`
--
ALTER TABLE `tb_key`
  MODIFY `id` int(11) NOT NULL AUTO_INCREMENT, AUTO_INCREMENT=2;

--
-- AUTO_INCREMENT de la tabla `tb_mascota`
--
ALTER TABLE `tb_mascota`
  MODIFY `idMascota` int(11) NOT NULL AUTO_INCREMENT, AUTO_INCREMENT=5;

--
-- AUTO_INCREMENT de la tabla `tb_vacunas`
--
ALTER TABLE `tb_vacunas`
  MODIFY `idVacuna` int(11) NOT NULL AUTO_INCREMENT, AUTO_INCREMENT=5;

--
-- Restricciones para tablas volcadas
--

--
-- Filtros para la tabla `tb_consulta`
--
ALTER TABLE `tb_consulta`
  ADD CONSTRAINT `tb_consulta_ibfk_1` FOREIGN KEY (`idMascota`) REFERENCES `tb_mascota` (`idMascota`) ON DELETE CASCADE ON UPDATE CASCADE;

--
-- Filtros para la tabla `tb_examenfisico`
--
ALTER TABLE `tb_examenfisico`
  ADD CONSTRAINT `tb_examenfisico_ibfk_1` FOREIGN KEY (`idMascota`) REFERENCES `tb_mascota` (`idMascota`) ON DELETE CASCADE ON UPDATE CASCADE,
  ADD CONSTRAINT `tb_examenfisico_ibfk_2` FOREIGN KEY (`idConsulta`) REFERENCES `tb_consulta` (`idConsulta`) ON DELETE CASCADE ON UPDATE CASCADE;

--
-- Filtros para la tabla `tb_mascota`
--
ALTER TABLE `tb_mascota`
  ADD CONSTRAINT `tb_mascota_ibfk_1` FOREIGN KEY (`idDueño`) REFERENCES `tb_dueño` (`idDueño`) ON DELETE CASCADE ON UPDATE CASCADE;

--
-- Filtros para la tabla `tb_vacunas`
--
ALTER TABLE `tb_vacunas`
  ADD CONSTRAINT `tb_vacunas_ibfk_1` FOREIGN KEY (`idMascota`) REFERENCES `tb_mascota` (`idMascota`) ON DELETE CASCADE ON UPDATE CASCADE;
COMMIT;

/*!40101 SET CHARACTER_SET_CLIENT=@OLD_CHARACTER_SET_CLIENT */;
/*!40101 SET CHARACTER_SET_RESULTS=@OLD_CHARACTER_SET_RESULTS */;
/*!40101 SET COLLATION_CONNECTION=@OLD_COLLATION_CONNECTION */;
